state,gene,n_cells,mean_expr,frac_pos,gene_state
CD4T,CD3D,16907,1.5377529859542847,0.746791269888212,CD4T
CD4T,CD3E,16907,1.2288914918899536,0.6755190157922754,CD4T
CD4T,IL7R,16907,2.001190423965454,0.7989590110605075,CD4T
CD4T,CCR7,16907,0.8915572762489319,0.477435381794523,CD4T
CD4T,CD8A,16907,0.19734054803848267,0.1179393150765955,CD8T
CD4T,CD8B,16907,0.20662622153759003,0.11433134204767256,CD8T
CD4T,GZMK,16907,0.2882688045501709,0.13568344472703614,CD8T
CD4T,FOXP3,16907,0.004027960356324911,0.0033713846335837227,Treg
CD4T,IL2RA,16907,0.09823445230722427,0.071449695392441,Treg
CD4T,CTLA4,16907,0.08894284814596176,0.06334654285207311,Treg
CD4T,IKZF2,16907,0.06900057941675186,0.050689063701425445,Treg
CD4T,NKG7,16907,0.2929810583591461,0.16638078902229847,NK
CD4T,GNLY,16907,0.9481608271598816,0.4313597918022121,NK
CD4T,KLRD1,16907,0.05809801071882248,0.035783994795055306,NK
CD4T,NCAM1,16907,0.01942799612879753,0.015614834092387769,NK
CD4T,MS4A1,16907,0.013856208883225918,0.010114153900751169,B
CD4T,CD79A,16907,0.02044735848903656,0.015437392795883362,B
CD4T,CD19,16907,0.0007874611765146255,0.0006506180871828237,B
CD4T,MZB1,16907,0.01861262135207653,0.015200804400544153,Plasma
CD4T,JCHAIN,16907,0.010603440925478935,0.008635476429881115,Plasma
CD4T,XBP1,16907,0.4553929269313812,0.31945348080676644,Plasma
CD4T,CD68,16907,0.021751152351498604,0.016561187673744603,Macrophage
CD4T,CD163,16907,0.007710696663707495,0.00686106346483705,Macrophage
CD4T,MRC1,16907,0.005833942908793688,0.004495179511444964,Macrophage
CD4T,C1QA,16907,0.019913634285330772,0.014609333412196132,Macrophage
CD4T,LYZ,16907,0.08183874934911728,0.06535754421245638,Mono
CD4T,S100A8,16907,0.09769519418478012,0.06849234045070089,Mono
CD4T,FCN1,16907,0.010716883465647697,0.00987756550541196,Mono
CD4T,VCAN,16907,0.04006733000278473,0.030165020405749098,Mono
CD4T,LILRA4,16907,0.00034716870868578553,0.00023658839533920861,pDC
CD4T,CLEC4C,16907,0.0,0.0,pDC
CD4T,IRF7,16907,0.23696790635585785,0.1675637309989945,pDC
CD4T,TPSAB1,16907,0.001403033616952598,0.0012420890755308453,Mast
CD4T,CPA3,16907,0.0014901008689776063,0.0011829419766960431,Mast
CD4T,KIT,16907,0.06450991332530975,0.04282249955639676,Mast
CD8T,CD3D,14133,2.050225257873535,0.8718601853817307,CD4T
CD8T,CD3E,14133,1.5503177642822266,0.770678553739475,CD4T
CD8T,IL7R,14133,0.7183052897453308,0.3290171938017406,CD4T
CD8T,CCR7,14133,0.1683111935853958,0.10719592443218,CD4T
CD8T,CD8A,14133,1.3996723890304565,0.6741668435576311,CD8T
CD8T,CD8B,14133,0.9464137554168701,0.5150357319748107,CD8T
CD8T,GZMK,14133,1.8584386110305786,0.6947569518149013,CD8T
CD8T,FOXP3,14133,0.0020519220270216465,0.0017689096440953796,Treg
CD8T,IL2RA,14133,0.015781033784151077,0.012594636665959103,Treg
CD8T,CTLA4,14133,0.033033281564712524,0.023137338144767566,Treg
CD8T,IKZF2,14133,0.1034519225358963,0.07153470600721715,Treg
CD8T,NKG7,14133,2.2619919776916504,0.8574258826859124,NK
CD8T,GNLY,14133,1.036065936088562,0.3827212905964763,NK
CD8T,KLRD1,14133,0.5916198492050171,0.3043232151701691,NK
CD8T,NCAM1,14133,0.04367663711309433,0.03346777046628458,NK
CD8T,MS4A1,14133,0.08352568745613098,0.05879855656973042,B
CD8T,CD79A,14133,0.008589435368776321,0.006226561947215737,B
CD8T,CD19,14133,0.00024742697132751346,0.00028302554305526076,B
CD8T,MZB1,14133,0.057164836674928665,0.04485954857425883,Plasma
CD8T,JCHAIN,14133,0.008280222304165363,0.0063680747187433665,Plasma
CD8T,XBP1,14133,0.4158041179180145,0.2833793249840798,Plasma
CD8T,CD68,14133,0.02359924279153347,0.017689096440953796,Macrophage
CD8T,CD163,14133,0.009604023769497871,0.008066227977074932,Macrophage
CD8T,MRC1,14133,0.00545220822095871,0.0036793320597183895,Macrophage
CD8T,C1QA,14133,0.024214377626776695,0.016769263426024198,Macrophage
CD8T,LYZ,14133,0.07822205126285553,0.06240713224368499,Mono
CD8T,S100A8,14133,0.058175716549158096,0.04266610061558056,Mono
CD8T,FCN1,14133,0.011159702204167843,0.00997665039269794,Mono
CD8T,VCAN,14133,0.05589819326996803,0.038066935540932566,Mono
CD8T,LILRA4,14133,0.00023511679319199175,0.00021226915729144556,pDC
CD8T,CLEC4C,14133,0.00018781240214593709,0.00014151277152763038,pDC
CD8T,IRF7,14133,0.17139139771461487,0.12361140592938513,pDC
CD8T,TPSAB1,14133,0.0013811171520501375,0.0009198330149295974,Mast
CD8T,CPA3,14133,0.0014968544710427523,0.0009905894006934125,Mast
CD8T,KIT,14133,0.0018765960121527314,0.0016981532583315645,Mast
Treg,CD3D,2229,2.005509853363037,0.8627187079407806,CD4T
Treg,CD3E,2229,1.5593008995056152,0.7904890085240018,CD4T
Treg,IL7R,2229,1.1433906555175781,0.5697622252131,CD4T
Treg,CCR7,2229,0.3269560635089874,0.19246298788694483,CD4T
Treg,CD8A,2229,0.030867328867316246,0.01973979362943024,CD8T
Treg,CD8B,2229,0.03029531240463257,0.01973979362943024,CD8T
Treg,GZMK,2229,0.09340759366750717,0.04845222072678331,CD8T
Treg,FOXP3,2229,0.8786150217056274,0.5343203230148048,Treg
Treg,IL2RA,2229,0.9747152924537659,0.5195154777927322,Treg
Treg,CTLA4,2229,1.0873432159423828,0.6074472857783759,Treg
Treg,IKZF2,2229,0.6641328930854797,0.4329295648272768,Treg
Treg,NKG7,2229,0.16920511424541473,0.09914759982054733,NK
Treg,GNLY,2229,0.8862975835800171,0.41947061462539253,NK
Treg,KLRD1,2229,0.039186034351587296,0.02557200538358008,NK
Treg,NCAM1,2229,0.02057579532265663,0.01704800358905339,NK
Treg,MS4A1,2229,0.011290539987385273,0.008524001794526694,B
Treg,CD79A,2229,0.08287815004587173,0.06056527590847914,B
Treg,CD19,2229,0.0015113443369045854,0.001794526693584567,B
Treg,MZB1,2229,0.1312001347541809,0.11126065500224316,Plasma
Treg,JCHAIN,2229,0.010248604230582714,0.008075370121130552,Plasma
Treg,XBP1,2229,0.24893365800380707,0.18842530282637954,Plasma
Treg,CD68,2229,0.018370894715189934,0.01525347689546882,Macrophage
Treg,CD163,2229,0.009089904837310314,0.008075370121130552,Macrophage
Treg,MRC1,2229,0.056315407156944275,0.03768506056527591,Macrophage
Treg,C1QA,2229,0.025751851499080658,0.020188425302826378,Macrophage
Treg,LYZ,2229,0.08889694511890411,0.07133243606998654,Mono
Treg,S100A8,2229,0.07420457899570465,0.05293853746074473,Mono
Treg,FCN1,2229,0.011554170399904251,0.00986989681471512,Mono
Treg,VCAN,2229,0.052240289747714996,0.039030955585464336,Mono
Treg,LILRA4,2229,0.0,0.0,pDC
Treg,CLEC4C,2229,0.0,0.0,pDC
Treg,IRF7,2229,0.1909472942352295,0.13593539703903096,pDC
Treg,TPSAB1,2229,0.0006650693831034005,0.00044863167339614175,Mast
Treg,CPA3,2229,0.00066708296071738,0.00044863167339614175,Mast
Treg,KIT,2229,0.0009218121413141489,0.0008972633467922835,Mast
NK,CD3D,41706,0.375724196434021,0.19781326427852108,CD4T
NK,CD3E,41706,0.830527126789093,0.4793315110535654,CD4T
NK,IL7R,41706,0.2576207220554352,0.12700810434949408,CD4T
NK,CCR7,41706,0.09778016060590744,0.05855272622644224,CD4T
NK,CD8A,41706,0.21770787239074707,0.13508847647820457,CD8T
NK,CD8B,41706,0.07075271010398865,0.04347096341054045,CD8T
NK,GZMK,41706,0.6492667198181152,0.3371697117920683,CD8T
NK,FOXP3,41706,0.00148642563726753,0.001342732460557234,Treg
NK,IL2RA,41706,0.03962688148021698,0.03186591857286721,Treg
NK,CTLA4,41706,0.010584683157503605,0.007792643744305376,Treg
NK,IKZF2,41706,0.10467804968357086,0.08097156284467463,Treg
NK,NKG7,41706,3.1735379695892334,0.8576943365463003,NK
NK,GNLY,41706,4.631369113922119,0.8680525583848847,NK
NK,KLRD1,41706,1.503541350364685,0.6688246295497051,NK
NK,NCAM1,41706,0.572193443775177,0.36625425598235267,NK
NK,MS4A1,41706,0.014001707546412945,0.009471059320001918,B
NK,CD79A,41706,0.02268344536423683,0.01640051791109193,B
NK,CD19,41706,0.0009554486023262143,0.0008152304224811778,B
NK,MZB1,41706,0.16147688031196594,0.1280391310602791,Plasma
NK,JCHAIN,41706,0.015581606887280941,0.010046516088812161,Plasma
NK,XBP1,41706,0.5261437296867371,0.3571908118735913,Plasma
NK,CD68,41706,0.10463403910398483,0.07922121517287681,Macrophage
NK,CD163,41706,0.02259569801390171,0.015729151680813312,Macrophage
NK,MRC1,41706,0.019961515441536903,0.013930849278281303,Macrophage
NK,C1QA,41706,0.05287891998887062,0.029947729343499735,Macrophage
NK,LYZ,41706,0.18185532093048096,0.10655541169136336,Mono
NK,S100A8,41706,0.16183587908744812,0.09370354385460125,Mono
NK,FCN1,41706,0.027392080053687096,0.018438593967294872,Mono
NK,VCAN,41706,0.09793853759765625,0.06584184529803865,Mono
NK,LILRA4,41706,0.0009495209087617695,0.0008631851532153647,pDC
NK,CLEC4C,41706,0.00019163820252288133,0.00021579628830384117,pDC
NK,IRF7,41706,0.26905557513237,0.19891622308540738,pDC
NK,TPSAB1,41706,0.010102234780788422,0.004675586246583226,Mast
NK,CPA3,41706,0.005707512143999338,0.0030691027669879634,Mast
NK,KIT,41706,0.019967030733823776,0.01827075240972522,Mast
B,CD3D,5383,0.08471285551786423,0.05517369496563255,CD4T
B,CD3E,5383,0.08126869052648544,0.05777447519970277,CD4T
B,IL7R,5383,0.09745737165212631,0.060746795467211595,CD4T
B,CCR7,5383,0.8618687391281128,0.47668586290172765,CD4T
B,CD8A,5383,0.026070307940244675,0.019877391788965262,CD8T
B,CD8B,5383,0.01644016243517399,0.014304291287386216,CD8T
B,GZMK,5383,0.03646612912416458,0.024150102173509196,CD8T
B,FOXP3,5383,0.00042900515836663544,0.0005573100501579045,Treg
B,IL2RA,5383,0.13181522488594055,0.08768344789151031,Treg
B,CTLA4,5383,0.003516221884638071,0.0027865502507895224,Treg
B,IKZF2,5383,0.0680088922381401,0.04514211406279026,Treg
B,NKG7,5383,0.2745828330516815,0.12855285156975665,NK
B,GNLY,5383,1.3223249912261963,0.5248002972320267,NK
B,KLRD1,5383,0.07220515608787537,0.04681404421326398,NK
B,NCAM1,5383,0.019480405375361443,0.015604681404421327,NK
B,MS4A1,5383,1.674901008605957,0.7583132082481887,B
B,CD79A,5383,2.223499059677124,0.8855656697009102,B
B,CD19,5383,0.3363138437271118,0.24465911201932009,B
B,MZB1,5383,0.15027810633182526,0.11573472041612484,Plasma
B,JCHAIN,5383,0.37354809045791626,0.22998328069849527,Plasma
B,XBP1,5383,0.20081321895122528,0.1486160133754412,Plasma
B,CD68,5383,0.05555129423737526,0.04607096414638677,Macrophage
B,CD163,5383,0.00697309011593461,0.005758870518298346,Macrophage
B,MRC1,5383,0.007403306197375059,0.005201560468140442,Macrophage
B,C1QA,5383,0.023428628221154213,0.016719301504737136,Macrophage
B,LYZ,5383,0.10829760134220123,0.07839494705554524,Mono
B,S100A8,5383,0.14695826172828674,0.09399962845996657,Mono
B,FCN1,5383,0.009046219289302826,0.00743080066877206,Mono
B,VCAN,5383,0.03501617908477783,0.02619357235742151,Mono
B,LILRA4,5383,0.018732460215687752,0.015418911387702025,pDC
B,CLEC4C,5383,0.001202060142531991,0.000743080066877206,pDC
B,IRF7,5383,0.29335924983024597,0.20063161805684562,pDC
B,TPSAB1,5383,0.002020312240347266,0.001486160133754412,Mast
B,CPA3,5383,0.0013113516615703702,0.001114620100315809,Mast
B,KIT,5383,0.001691739191301167,0.0013003901170351106,Mast
Plasma,CD3D,529,0.04929013550281525,0.04725897920604915,CD4T
Plasma,CD3E,529,0.04587291181087494,0.052930056710775046,CD4T
Plasma,IL7R,529,0.08062976598739624,0.062381852551984876,CD4T
Plasma,CCR7,529,0.15664468705654144,0.11153119092627599,CD4T
Plasma,CD8A,529,0.023332737386226654,0.02835538752362949,CD8T
Plasma,CD8B,529,0.01765553653240204,0.015122873345935728,CD8T
Plasma,GZMK,529,0.01221342384815216,0.020793950850661626,CD8T
Plasma,FOXP3,529,0.00046504216152243316,0.001890359168241966,Treg
Plasma,IL2RA,529,0.032579414546489716,0.02835538752362949,Treg
Plasma,CTLA4,529,0.003937308210879564,0.00945179584120983,Treg
Plasma,IKZF2,529,0.02190357632935047,0.024574669187145556,Treg
Plasma,NKG7,529,0.18208889663219452,0.1342155009451796,NK
Plasma,GNLY,529,0.8702213168144226,0.46313799621928164,NK
Plasma,KLRD1,529,0.04125199839472771,0.045368620037807186,NK
Plasma,NCAM1,529,0.017629370093345642,0.01890359168241966,NK
Plasma,MS4A1,529,0.28106778860092163,0.14933837429111532,B
Plasma,CD79A,529,1.2578788995742798,0.7882797731568998,B
Plasma,CD19,529,0.1285930573940277,0.21739130434782608,B
Plasma,MZB1,529,2.2342262268066406,0.77882797731569,Plasma
Plasma,JCHAIN,529,3.1615493297576904,0.8147448015122873,Plasma
Plasma,XBP1,529,1.6830418109893799,0.7126654064272212,Plasma
Plasma,CD68,529,0.06153823435306549,0.09073724007561437,Macrophage
Plasma,CD163,529,0.009176663123071194,0.022684310018903593,Macrophage
Plasma,MRC1,529,0.017615679651498795,0.026465028355387523,Macrophage
Plasma,C1QA,529,0.035657159984111786,0.035916824196597356,Macrophage
Plasma,LYZ,529,0.2054133266210556,0.18147448015122875,Mono
Plasma,S100A8,529,0.16949157416820526,0.12098298676748583,Mono
Plasma,FCN1,529,0.056349847465753555,0.03780718336483932,Mono
Plasma,VCAN,529,0.03646655008196831,0.052930056710775046,Mono
Plasma,LILRA4,529,0.0024542799219489098,0.001890359168241966,pDC
Plasma,CLEC4C,529,0.0014758137986063957,0.001890359168241966,pDC
Plasma,IRF7,529,0.3030705451965332,0.3818525519848771,pDC
Plasma,TPSAB1,529,0.0,0.0,Mast
Plasma,CPA3,529,0.0003946457291021943,0.001890359168241966,Mast
Plasma,KIT,529,0.002123710000887513,0.005671077504725898,Mast
Macrophage,CD3D,13455,0.05554275959730148,0.04749163879598662,CD4T
Macrophage,CD3E,13455,0.05672483518719673,0.05321441843180973,CD4T
Macrophage,IL7R,13455,0.5064314007759094,0.3005574136008919,CD4T
Macrophage,CCR7,13455,0.2063034176826477,0.11698253437383872,CD4T
Macrophage,CD8A,13455,0.021253863349556923,0.020141211445559273,CD8T
Macrophage,CD8B,13455,0.011254910379648209,0.01174284652545522,CD8T
Macrophage,GZMK,13455,0.03552127629518509,0.030397621701969527,CD8T
Macrophage,FOXP3,13455,0.0009802276035770774,0.0017094017094017094,Treg
Macrophage,IL2RA,13455,0.3062240481376648,0.23730955035302861,Treg
Macrophage,CTLA4,13455,0.009525934234261513,0.013006317354143442,Treg
Macrophage,IKZF2,13455,0.024666549637913704,0.03470828688219993,Treg
Macrophage,NKG7,13455,0.3742312788963318,0.26711259754738015,NK
Macrophage,GNLY,13455,1.036300778388977,0.4848755109624675,NK
Macrophage,KLRD1,13455,0.05859437584877014,0.05016722408026756,NK
Macrophage,NCAM1,13455,0.01976935938000679,0.02058714232627276,NK
Macrophage,MS4A1,13455,0.007403029128909111,0.0069119286510590855,B
Macrophage,CD79A,13455,0.01819157972931862,0.018208844295800816,B
Macrophage,CD19,13455,0.004376902244985104,0.008249721293199555,B
Macrophage,MZB1,13455,0.00977522972971201,0.011891490152359718,Plasma
Macrophage,JCHAIN,13455,0.011448235251009464,0.012709030100334449,Plasma
Macrophage,XBP1,13455,0.5710238218307495,0.5534002229654403,Plasma
Macrophage,CD68,13455,1.5363831520080566,0.7926421404682275,Macrophage
Macrophage,CD163,13455,0.9068453907966614,0.47045707915273133,Macrophage
Macrophage,MRC1,13455,0.7990936040878296,0.44890375325157933,Macrophage
Macrophage,C1QA,13455,1.891977071762085,0.6620587142326273,Macrophage
Macrophage,LYZ,13455,2.1442766189575195,0.7846897064288368,Mono
Macrophage,S100A8,13455,0.6523388028144836,0.348197696023783,Mono
Macrophage,FCN1,13455,0.41115495562553406,0.22608695652173913,Mono
Macrophage,VCAN,13455,0.3758135139942169,0.24949832775919734,Mono
Macrophage,LILRA4,13455,0.007083473727107048,0.011594202898550725,pDC
Macrophage,CLEC4C,13455,0.003177749691531062,0.00587142326272761,pDC
Macrophage,IRF7,13455,0.25229719281196594,0.31073950204384987,pDC
Macrophage,TPSAB1,13455,0.004257786553353071,0.005425492382014121,Mast
Macrophage,CPA3,13455,0.0018994081765413284,0.0017094017094017094,Mast
Macrophage,KIT,13455,0.013465328142046928,0.02021553325901152,Mast
Mono,CD3D,13649,0.08741369843482971,0.05648765477324346,CD4T
Mono,CD3E,13649,0.0647914782166481,0.050260092314455274,CD4T
Mono,IL7R,13649,0.38746100664138794,0.20287200527511173,CD4T
Mono,CCR7,13649,0.0806669220328331,0.05179866656897941,CD4T
Mono,CD8A,13649,0.028232688084244728,0.021686570444721224,CD8T
Mono,CD8B,13649,0.015108861960470676,0.012235328595501502,CD8T
Mono,GZMK,13649,0.04211098328232765,0.028280460106967543,CD8T
Mono,FOXP3,13649,0.0015507875941693783,0.001245512491757638,Treg
Mono,IL2RA,13649,0.13223405182361603,0.09018975749139131,Treg
Mono,CTLA4,13649,0.00489414855837822,0.004615722763572423,Treg
Mono,IKZF2,13649,0.010468702763319016,0.009597772730602975,Treg
Mono,NKG7,13649,0.3789445161819458,0.23159205802622904,NK
Mono,GNLY,13649,1.4733465909957886,0.567733899919408,NK
Mono,KLRD1,13649,0.07751522958278656,0.05392336434903656,NK
Mono,NCAM1,13649,0.021899046376347542,0.017876767528756686,NK
Mono,MS4A1,13649,0.014437034726142883,0.010916550663052239,B
Mono,CD79A,13649,0.02253725752234459,0.01487288446040003,B
Mono,CD19,13649,0.004029567819088697,0.004102864678731042,B
Mono,MZB1,13649,0.01075068861246109,0.010037365374752728,Plasma
Mono,JCHAIN,13649,0.015635492280125618,0.012528390358268004,Plasma
Mono,XBP1,13649,0.548528790473938,0.42933548245292696,Plasma
Mono,CD68,13649,1.207720398902893,0.6823210491611107,Macrophage
Mono,CD163,13649,0.4613490402698517,0.33291816250274747,Macrophage
Mono,MRC1,13649,0.19210191071033478,0.12008205729357461,Macrophage
Mono,C1QA,13649,0.09870963543653488,0.06476664957139718,Macrophage
Mono,LYZ,13649,2.884552240371704,0.7598358854128507,Mono
Mono,S100A8,13649,2.5943567752838135,0.7654773243461059,Mono
Mono,FCN1,13649,1.5740574598312378,0.604146823943146,Mono
Mono,VCAN,13649,1.9307866096496582,0.7092094658949374,Mono
Mono,LILRA4,13649,0.007411113940179348,0.007766136713312331,pDC
Mono,CLEC4C,13649,0.0010079859057441354,0.0010257161696827605,pDC
Mono,IRF7,13649,0.3112133741378784,0.2783354091874863,pDC
Mono,TPSAB1,13649,0.0015881640138104558,0.0017583705765990183,Mast
Mono,CPA3,13649,0.0011095241643488407,0.0010257161696827605,Mast
Mono,KIT,13649,0.0021807029843330383,0.0019049014579822698,Mast
pDC,CD3D,752,0.07004886865615845,0.047872340425531915,CD4T
pDC,CD3E,752,0.1190289631485939,0.11037234042553191,CD4T
pDC,IL7R,752,0.2616859972476959,0.14893617021276595,CD4T
pDC,CCR7,752,0.3750278055667877,0.2752659574468085,CD4T
pDC,CD8A,752,0.04182390868663788,0.03856382978723404,CD8T
pDC,CD8B,752,0.024272065609693527,0.02127659574468085,CD8T
pDC,GZMK,752,0.03481108695268631,0.02526595744680851,CD8T
pDC,FOXP3,752,0.0025386414490640163,0.005319148936170213,Treg
pDC,IL2RA,752,0.11507001519203186,0.07313829787234043,Treg
pDC,CTLA4,752,0.004578868858516216,0.0026595744680851063,Treg
pDC,IKZF2,752,0.1885681003332138,0.16090425531914893,Treg
pDC,NKG7,752,0.7457299828529358,0.45345744680851063,NK
pDC,GNLY,752,1.1545801162719727,0.5146276595744681,NK
pDC,KLRD1,752,0.053251780569553375,0.043882978723404256,NK
pDC,NCAM1,752,0.02198101580142975,0.0199468085106383,NK
pDC,MS4A1,752,0.016318386420607567,0.011968085106382979,B
pDC,CD79A,752,0.08160750567913055,0.08377659574468085,B
pDC,CD19,752,0.001587966806255281,0.0026595744680851063,B
pDC,MZB1,752,1.2616674900054932,0.7074468085106383,Plasma
pDC,JCHAIN,752,2.265346050262451,0.8523936170212766,Plasma
pDC,XBP1,752,1.0054006576538086,0.6795212765957447,Plasma
pDC,CD68,752,0.9773313403129578,0.6702127659574468,Macrophage
pDC,CD163,752,0.02121112123131752,0.023936170212765957,Macrophage
pDC,MRC1,752,0.22571276128292084,0.14361702127659576,Macrophage
pDC,C1QA,752,0.028785528615117073,0.02925531914893617,Macrophage
pDC,LYZ,752,0.21188651025295258,0.13031914893617022,Mono
pDC,S100A8,752,0.15703648328781128,0.1077127659574468,Mono
pDC,FCN1,752,0.024131037294864655,0.018617021276595744,Mono
pDC,VCAN,752,0.06447026878595352,0.0625,Mono
pDC,LILRA4,752,1.462752103805542,0.7579787234042553,pDC
pDC,CLEC4C,752,0.7855564951896667,0.5412234042553191,pDC
pDC,IRF7,752,2.075286626815796,0.8470744680851063,pDC
pDC,TPSAB1,752,0.0,0.0,Mast
pDC,CPA3,752,0.0,0.0,Mast
pDC,KIT,752,0.0069154067896306515,0.007978723404255319,Mast
Mast,CD3D,1292,0.07634566724300385,0.04721362229102167,CD4T
Mast,CD3E,1292,0.061951201409101486,0.04179566563467492,CD4T
Mast,IL7R,1292,0.087459497153759,0.04489164086687306,CD4T
Mast,CCR7,1292,0.05803251639008522,0.03637770897832817,CD4T
Mast,CD8A,1292,0.026078185066580772,0.017027863777089782,CD8T
Mast,CD8B,1292,0.018576834350824356,0.01238390092879257,CD8T
Mast,GZMK,1292,0.044260840862989426,0.02631578947368421,CD8T
Mast,FOXP3,1292,0.0,0.0,Treg
Mast,IL2RA,1292,0.06719578802585602,0.04179566563467492,Treg
Mast,CTLA4,1292,0.002829968463629484,0.0030959752321981426,Treg
Mast,IKZF2,1292,0.09907076507806778,0.06037151702786378,Treg
Mast,NKG7,1292,0.28652071952819824,0.16408668730650156,NK
Mast,GNLY,1292,0.9473206400871277,0.36919504643962847,NK
Mast,KLRD1,1292,0.05431392043828964,0.032507739938080496,NK
Mast,NCAM1,1292,0.016987070441246033,0.014705882352941176,NK
Mast,MS4A1,1292,0.018779058009386063,0.010061919504643963,B
Mast,CD79A,1292,0.02074243500828743,0.011609907120743035,B
Mast,CD19,1292,0.0018871345091611147,0.0023219814241486067,B
Mast,MZB1,1292,0.010060755535960197,0.00696594427244582,Plasma
Mast,JCHAIN,1292,0.013335672207176685,0.008513931888544891,Plasma
Mast,XBP1,1292,0.6544924974441528,0.42027863777089786,Plasma
Mast,CD68,1292,0.401239812374115,0.31811145510835914,Macrophage
Mast,CD163,1292,0.008019965142011642,0.006191950464396285,Macrophage
Mast,MRC1,1292,0.012653610669076443,0.007739938080495356,Macrophage
Mast,C1QA,1292,0.015780167654156685,0.01393188854489164,Macrophage
Mast,LYZ,1292,0.1621304601430893,0.09210526315789473,Mono
Mast,S100A8,1292,0.11954056471586227,0.058823529411764705,Mono
Mast,FCN1,1292,0.007702126167714596,0.0046439628482972135,Mono
Mast,VCAN,1292,0.07335297763347626,0.04643962848297214,Mono
Mast,LILRA4,1292,0.0,0.0,pDC
Mast,CLEC4C,1292,0.0011735361767932773,0.0007739938080495357,pDC
Mast,IRF7,1292,0.14825430512428284,0.11068111455108359,pDC
Mast,TPSAB1,1292,3.0557572841644287,0.6811145510835913,Mast
Mast,CPA3,1292,2.600823163986206,0.7329721362229102,Mast
Mast,KIT,1292,1.1759724617004395,0.5719814241486069,Mast
