dataset,gsm,PAEP,GPX3,SPP1,CXCL14,DPP4,MAOA,SCGB2A1,DEFB1,GLUL,MT1G,MKI67,TOP2A,PCNA,CCNB1,SFRP1,HMGB2,TYMS,RRM2,MCM2,CDK1,phase_score,reported_phase,condition
GSE179640,GSM6102532,3.1910167,6.180019,2.6216805,0.73077196,0.6364705,3.2569168,7.230469,4.5592833,5.604426,3.3067214,0.39470944,0.53894997,4.140283,1.455804,0.5339398,3.263969,0.816168,0.3814063,0.71152115,0.916562,0.73771214,,Control
GSE179640,GSM6102533,3.6299393,5.720905,3.715024,0.65412784,1.0765053,1.9219373,5.719374,5.3953943,5.192561,0.860182,0.051566105,0.074531026,2.11935,0.5797753,0.20433256,4.066953,0.30871567,0.108214185,0.3228334,0.19354548,1.6456816,,Control
GSE179640,GSM6102534,0.103464246,2.2903302,0.809062,0.27073345,0.16485474,0.53401333,3.5863087,1.9707878,6.4242406,0.20358437,0.052226618,0.10407694,2.4880016,0.5698131,2.0059328,2.7146363,0.28974286,0.065705284,0.29122415,0.35024908,0.4757268,,Control
GSE179640,GSM6102537,3.4334662,0.49953845,0.630119,0.4055843,0.75373465,0.21364118,0.72884285,0.40414545,4.004235,0.5394737,0.14192687,0.189213,1.9935249,0.30348194,4.774618,1.6402826,0.22390439,0.11185263,0.30840486,1.644342,-0.042224705,,Endometriosis
GSE179640,GSM6102540,0.90342677,0.738072,6.365479,0.5271895,0.2294795,1.2355385,4.428497,1.4586691,5.587975,0.3001836,1.1968772,1.2612084,3.658459,1.5853174,4.748879,4.499169,1.8683382,1.0288795,1.0077329,1.4012421,-1.6644912,,Endometriosis
GSE179640,GSM6102543,2.544643,2.662877,0.91087556,3.112066,0.41934898,2.0370731,4.060571,1.9574987,5.6641207,0.5280708,0.10746764,0.14596213,3.0531666,0.5233415,3.4760208,3.012831,0.42081743,0.1175352,0.23169947,0.21486753,0.82134235,,Endometriosis
GSE179640,GSM6102546,2.5905848,2.7519176,3.1055079,1.8851281,0.8203621,2.7985353,2.702728,3.1235216,5.8376994,0.30512792,0.2752858,0.3103431,2.610496,0.5832826,1.0137852,3.6186123,0.6120807,0.3659358,0.3547823,0.36221826,0.8361044,,Endometriosis
GSE179640,GSM6102549,5.0078154,3.4649189,2.522023,2.293197,0.8883949,3.2467585,4.829036,3.2280054,4.5405097,0.16856061,0.3974274,0.40984216,2.3981147,0.6141517,2.8744648,3.1416097,0.46790916,0.3722536,0.2979631,0.47761515,0.99063826,,Endometriosis
GSE179640,GSM6102550,0.41719186,1.9183166,0.24201377,0.5131813,1.5362507,1.6284976,1.2037731,0.7346519,5.026263,0.5393921,0.12788844,0.14859022,1.9181834,0.49099806,2.8890831,3.001948,0.34008253,0.090879165,0.2844692,0.12269721,0.4594884,,Endometriosis
GSE179640,GSM6102551,0.10767882,0.2064272,0.15372819,1.4493033,0.17676342,0.41351888,2.5254164,0.8270426,4.2543383,0.24191552,1.3621415,1.5333003,3.1338844,1.3938296,5.996383,4.320271,1.781155,1.0093912,0.7827931,1.3317153,-2.3126493,,Endometriosis
GSE179640,GSM6102552,0.36067188,0.6148361,0.14212905,0.7227844,0.32823953,0.36578125,0.13953027,0.087909885,7.0442376,0.023403866,0.03718419,0.058732357,1.835039,0.32317105,5.254265,4.8816614,0.11675459,0.044553697,0.21398877,0.323052,-0.056064874,,Endometriosis
GSE179640,GSM6102553,1.3489728,0.69792175,1.0842842,1.4864869,0.46091735,0.65478235,0.5863853,0.50600374,7.283005,0.06414945,0.09085876,0.166864,2.0437102,0.37590215,3.937874,5.1756997,0.5140528,0.11456612,0.34105402,0.6296646,-0.01665102,,Endometriosis
GSE179640,GSM6102554,1.0946748,0.840246,0.42670554,1.8803989,0.45941997,1.2962184,1.2675729,0.81367534,5.6772556,0.17578523,0.18047714,0.2677484,2.9148932,0.66540104,5.5109854,4.917636,0.40484756,0.18628876,0.4693307,0.45353985,-0.3704713,,Endometriosis
GSE179640,GSM6102555,3.3735778,3.1426558,2.3651714,0.3842754,0.2876142,3.81702,6.979744,2.8807087,4.4424577,0.77994037,0.3648237,0.39807552,2.5379145,0.5075116,0.55198145,2.5833268,0.42919064,0.29837894,0.25602144,0.22765301,1.1230924,,Endometriosis
GSE179640,GSM6102556,0.116617605,0.8703995,0.21365173,0.9798774,0.7638235,0.7732145,0.044786483,0.030084722,6.8906198,0.09572723,0.099347204,0.13819882,1.8469512,0.50919765,4.235966,3.6804583,0.35032615,0.08849366,0.1972581,0.23271973,0.1285825,,Endometriosis
GSE179640,GSM6102560,5.3156614,5.0243287,4.6366005,3.4920557,0.8233911,4.737217,7.5621986,6.533783,5.261665,2.1422102,0.13077164,0.12338672,2.6566598,0.59935296,0.35946998,2.939871,0.32282946,0.12153343,0.2350603,0.20641935,2.4968433,,Endometriosis
GSE179640,GSM6102562,0.004446693,2.4908295,0.04084744,0.025873637,0.7525472,2.6561794,0.0,0.0064142514,6.765044,0.1470798,0.05343712,0.18489447,1.2817839,0.78403056,5.191026,4.4226217,0.18730704,0.03765087,0.17556827,0.110242,0.24371135,,Endometriosis
GSE179640,GSM6595248,2.1648252,0.45916584,0.8140728,0.26474366,1.8121133,0.43139514,0.21759762,0.24445029,3.5666296,0.2065675,0.3867372,0.40498447,2.2531455,0.5873071,0.28684658,2.135195,0.6612393,0.3469742,0.32524145,0.5076563,-0.0008927882,,Endometriosis
GSE179640,GSM6595249,2.14474,1.1337408,2.8444064,0.970404,2.1351633,0.55482846,0.677848,0.7524794,5.4335513,0.7678484,0.53086424,0.64339226,3.0665221,0.83492154,2.3173485,2.9648082,0.9014999,0.40105602,0.5897912,0.87628156,-0.2017885,,Endometriosis
GSE179640,GSM6595250,0.17073609,0.84154063,0.09802783,0.57548296,0.33860457,1.4255652,2.8178663,1.2408415,4.988875,0.25764537,0.6737522,0.7605611,3.2676473,1.0236516,4.7174993,3.6992128,1.163159,0.4463256,0.40398702,0.6653067,-0.94315296,,Endometriosis
GSE179640,GSM6595251,0.52565277,1.0489463,0.13868827,0.07063526,0.8186005,2.9649208,4.274027,1.7922727,5.5702515,0.48122695,0.613242,0.52904725,3.3389904,1.3908803,3.17524,3.883215,0.85898423,0.3108874,0.5450416,0.7583726,-0.53545994,,Endometriosis
GSE179640,GSM6595252,0.77886397,1.5789332,0.5323415,0.82610565,0.64161766,1.2358918,1.1184448,1.147301,4.443652,0.15461653,0.5027772,0.4837946,2.2859933,0.5515997,4.3360276,3.3269064,0.5870536,0.30577502,0.2949302,0.44683635,-0.24917026,,Endometriosis
GSE179640,GSM6595253,0.2623095,3.0989175,0.1970105,0.20466733,0.14035323,2.9784029,3.8273087,1.7209911,3.990765,0.10058879,0.04890122,0.042706143,1.6655239,0.3471789,2.385653,3.530987,0.301867,0.0847698,0.1284373,0.12193173,0.66808605,,Endometriosis
GSE179640,GSM6595254,0.7130303,1.8426025,0.18238264,0.044546623,0.81865084,1.5613725,2.5034473,1.9783031,4.0036716,0.7104069,0.15688173,0.18106128,1.779441,0.52399343,1.6181198,2.5844996,0.3409728,0.101189926,0.19071728,0.20025636,0.54823434,,Endometriosis
GSE179640,GSM6595255,0.52999353,1.4757181,0.4389534,0.47392282,0.43728188,0.5570224,1.0415384,0.91659975,2.1251547,0.105224356,0.051569335,0.08432147,1.0107234,0.13936561,1.7757221,1.4253969,0.13469858,0.051298745,0.07532181,0.17451914,0.58840793,,Endometriosis
GSE179640,GSM6595256,0.6314739,0.9681424,0.44202244,3.803787,0.56004107,1.6858896,1.260596,0.63365966,5.8108683,0.42293283,0.36805883,0.37710667,3.1303287,0.6498076,1.9800274,4.4936905,0.6552727,0.29001218,0.28980502,0.44178826,-0.025902998,,Endometriosis
GSE179640,GSM6595257,0.8349504,1.3920848,0.65976137,2.2148106,0.44643667,1.684537,1.9857936,1.133949,5.417475,0.9067246,0.45440295,0.56783205,2.8324783,0.7852075,1.9480624,4.3901324,0.78522253,0.31479856,0.37460244,0.48075935,-0.1584015,,Endometriosis
GSE179640,GSM6595258,0.09503836,3.337532,0.06794696,0.044303935,3.0669782,3.0192757,0.0,0.09362658,6.505609,0.48231697,0.028232845,0.0576938,2.329591,0.34781298,2.3583772,3.9700837,0.23222819,0.027467115,0.2856265,0.031246345,0.80386925,,Endometriosis
GSE179640,GSM6595259,0.03595188,3.1987815,0.050056744,0.06587314,3.3200588,2.6644874,0.0,0.0,6.5020604,0.43958265,0.037108537,0.0387829,1.8505431,0.59325737,2.6511981,3.2995865,0.2737835,0.076694846,0.18430075,0.08369005,0.8606422,,Endometriosis
GSE179640,GSM6595260,0.019663457,2.3416007,0.110750176,0.03386987,1.9828124,1.667995,0.0,0.0,4.9631615,0.22838709,0.118478194,0.19171287,1.3730007,0.3124728,1.9417968,2.6144195,0.3344114,0.1362816,0.2904432,0.058594927,0.5482279,,Endometriosis
GSE179640,GSM6595261,0.0071939044,0.9827803,0.037195582,0.027626345,0.65058404,0.9518971,0.009801817,0.0008432228,5.687993,0.008527348,0.004366238,0.029182067,1.08004,0.2776973,3.0445561,4.675695,0.08525454,0.013147699,0.10543229,0.06292421,0.2576846,,Endometriosis
GSE214411,GSM6605431,0.3918698,0.14690848,0.8523531,0.1718056,0.057389513,0.7888041,4.5493274,0.41431364,3.6779613,2.186445,1.1166388,0.8667459,2.6515355,1.2099857,3.1364212,3.8092356,0.9323216,0.42281148,0.5202477,1.0042357,-1.0620086,secretory,Endometriosis
GSE214411,GSM6605432,0.7687351,0.48094347,0.25407997,0.15685962,0.07042855,0.37124148,2.5864127,1.478087,4.7097607,1.0483418,1.2042153,1.5381293,2.9941244,1.7628634,4.8883767,4.733566,2.2612908,0.90276575,1.0133793,1.5674533,-2.4378984,proliferative,Endometriosis
GSE214411,GSM6605433,2.2700825,0.9218525,0.13603665,0.19054429,0.3829706,0.94753444,3.5541923,1.4097399,4.7706113,1.5265871,0.5521478,0.682257,3.0781298,1.2649381,4.038956,3.610834,1.2224472,0.3510669,0.7279324,0.7558831,-0.82094854,proliferative,Endometriosis
GSE214411,GSM6605434,1.4001714,0.49750352,0.47870854,0.1658024,0.044682425,0.6321605,3.2862806,2.1996593,4.382191,1.2367638,0.74509573,1.0988218,2.3464527,1.2372799,4.1448197,3.816396,1.3058996,0.5371044,0.5677882,1.02927,-1.0945339,proliferative,Endometriosis
GSE214411,GSM6605435,0.050096493,0.13712886,0.50950235,0.66398406,0.09871781,0.73651326,4.478909,0.5822492,2.4337444,2.0229268,1.0320127,1.1070728,1.7658008,1.0385754,1.4954925,3.3088195,1.0777128,0.55287606,0.31870368,1.115115,-0.89516914,secretory,Endometriosis
GSE214411,GSM6605436,3.0293097,1.0951438,1.3068696,1.08144,0.31699684,2.2079732,6.6964464,2.4736342,3.5768468,4.6415596,0.3291815,0.3348179,1.762076,0.5955149,1.7779827,3.134162,0.3663122,0.20922194,0.22698353,0.34816596,1.0330856,secretory,Endometriosis
GSE214411,GSM6605437,7.743045,4.61723,2.9864595,5.9361825,2.493003,3.9241624,3.2499,3.4649022,4.6267924,6.0870433,0.17535613,0.20837647,2.1469047,0.5909798,2.4060984,2.8304484,0.36365592,0.28813416,0.19133452,0.25016278,2.572185,secretory,Control
GSE214411,GSM6605438,0.095508896,0.060564175,0.2398819,0.0869359,0.017080689,0.1998402,3.1496112,0.87010103,2.270718,0.10306079,0.62438506,0.79818857,1.7928789,0.7343681,5.7671504,2.9082537,0.85655254,0.34653464,0.3673557,0.60881394,-0.96831346,secretory,Control
GSE214411,GSM6605439,1.1127491,0.21236782,0.051642507,0.16221602,0.053906567,0.2525752,1.3628585,0.53984314,3.0137239,0.57120675,1.1894338,1.4796213,2.6617498,1.3828447,6.944574,3.3302042,2.1298096,0.98529613,0.6706049,1.2710971,-2.3416512,proliferative,Control
GSE214411,GSM6605440,0.7746456,0.22746411,0.31615764,0.21705754,0.050432026,0.4552722,2.8708327,1.4268003,3.8731165,0.70139796,0.7350762,1.032034,3.0313437,1.2067106,5.513447,4.2240915,1.505317,0.5812306,0.76129097,0.97336227,-1.6415086,proliferative,Control
