gsm,cond,n_immune,Treg_pct,dataset,lt,treg_n,other_n
GSM6102532,Control,442,2.262443438914027,GSE179640,0.8596964388987539,10,432
GSM6102533,Control,1235,0.97165991902834,GSE179640,0.0692087726050783,12,1223
GSM6102534,Control,1462,1.5047879616963065,GSE179640,0.4729916367618962,22,1440
GSM6102537,Endometriosis,1495,1.872909698996656,GSE179640,0.6795094576183432,28,1467
GSM6102540,Endometriosis,718,2.0891364902506964,GSE179640,0.7835071693838505,15,703
GSM6102543,Endometriosis,965,1.5544041450777202,GSE179640,0.5034409108158509,15,950
GSM6102546,Endometriosis,2166,1.8928901200369344,GSE179640,0.6895859067639342,41,2125
GSM6102549,Endometriosis,1258,5.961844197138315,GSE179640,1.8020140767445012,75,1183
GSM6102550,Endometriosis,1002,1.3972055888223551,GSE179640,0.4036004298907257,14,988
GSM6102551,Endometriosis,320,1.5625,GSE179640,0.5083224935478722,5,315
GSM6102552,Endometriosis,686,0.4373177842565597,GSE179640,-0.6211655824901624,3,683
GSM6102553,Endometriosis,813,2.5830258302583027,GSE179640,0.9869451987763104,21,792
GSM6102554,Endometriosis,421,3.32541567695962,GSE179640,1.2312228298856434,14,407
GSM6102555,Endometriosis,1205,4.315352697095436,GSE179640,1.485087716957031,52,1153
GSM6102556,Endometriosis,2154,2.042711234911792,GSE179640,0.762071959354145,44,2110
GSM6102560,Endometriosis,506,2.1739130434782608,GSE179640,0.8215021551417275,11,495
GSM6102562,Endometriosis,1175,0.0,GSE179640,-2.302585092994045,0,1175
GSM6595248,Endometriosis,2303,1.0421189752496742,GSE179640,0.1328852872868797,24,2279
GSM6595249,Endometriosis,2063,1.0664081434803685,GSE179640,0.1539290639697369,22,2041
GSM6595250,Endometriosis,1654,1.5114873035066507,GSE179640,0.4771575435619901,25,1629
GSM6595251,Endometriosis,575,1.7391304347826086,GSE179640,0.6092928701230826,10,565
GSM6595252,Endometriosis,2442,2.907452907452908,GSE179640,1.1010935103743305,71,2371
GSM6595253,Endometriosis,486,1.02880658436214,GSE179640,0.1211609546030091,5,481
GSM6595254,Endometriosis,923,1.8418201516793065,GSE179640,0.6636257557346994,17,906
GSM6595255,Endometriosis,305,0.0,GSE179640,-2.302585092994045,0,305
GSM6595256,Endometriosis,1318,9.787556904400606,GSE179640,2.2912770882631133,129,1189
GSM6595257,Endometriosis,1594,12.421580928481808,GSE179640,2.52745362994324,198,1396
GSM6595258,Endometriosis,970,4.948453608247423,GSE179640,1.6190819802048888,48,922
GSM6595259,Endometriosis,185,2.702702702702702,GSE179640,1.030584202591257,5,180
GSM6595260,Endometriosis,306,0.9803921568627452,GSE179640,0.0773240834345431,3,303
GSM6595261,Endometriosis,337,3.2640949554896146,GSE179640,1.2131589686711914,11,326
GSM6605431,Endometriosis,2560,2.0703125,GSE214411,0.7748711664006263,53,2507
GSM6605432,Endometriosis,1917,4.590505998956703,GSE214411,1.5455404655419471,88,1829
GSM6605433,Endometriosis,3028,4.359313077939234,GSE214411,1.494994735770646,132,2896
GSM6605434,Endometriosis,2568,2.4922118380062304,GSE214411,0.9525115027763684,64,2504
GSM6605435,Endometriosis,2134,2.061855670103093,GSE214411,0.7709669594044916,44,2090
GSM6605436,Endometriosis,1895,1.7941952506596308,GSE214411,0.6387940785000111,34,1861
GSM6605437,Control,1048,0.4770992366412214,GSE214411,-0.5497410400156642,5,1043
GSM6605438,Control,726,2.7548209366391188,GSE214411,1.049009121925321,20,706
GSM6605439,Control,4559,2.2153981136214083,GSE214411,0.8395816440795661,101,4458
GSM6605440,Control,1220,2.78688524590164,GSE214411,1.0601781513288493,34,1186
GSM6574509,Endometriosis,989,0.3033367037411527,GSE213216,-0.9079835727113512,3,986
GSM6574510,Endometriosis,1614,3.5315985130111525,GSE213216,1.289672913057058,57,1557
GSM6574511,Endometriosis,5882,0.6800408024481469,GSE213216,-0.2484090498357059,40,5842
GSM6574512,Endometriosis,3524,1.04994324631101,GSE213216,0.1397125901234521,37,3487
GSM6574514,Endometriosis,1429,0.4198740377886634,GSE213216,-0.6541687317721069,6,1423
GSM6574515,Endometriosis,4161,0.8651766402307137,GSE213216,-0.0354441475229796,36,4125
GSM6574516,Endometriosis,7648,1.3336820083682008,GSE213216,0.3602459661003221,102,7546
GSM6574517,Endometriosis,8806,1.8623665682489208,GSE213216,0.6741511776617671,164,8642
GSM6574518,Control,3094,0.9372979961215256,GSE213216,0.036619251632248,29,3065
GSM6574519,Endometriosis,1147,0.6102877070619006,GSE213216,-0.3420851698127746,7,1140
GSM6574520,Endometriosis,768,0.6510416666666667,GSE213216,-0.2862941471769328,5,763
GSM6574521,Control,1057,0.9460737937559128,GSE213216,0.0450439116781183,10,1047
GSM6574522,Endometriosis,3254,0.3073140749846342,GSE213216,-0.8981707081248568,10,3244
GSM6574523,Endometriosis,2118,0.424929178470255,GSE213216,-0.6444919236419826,9,2109
GSM6574524,Endometriosis,3345,0.6278026905829596,GSE213216,-0.3177252969395733,21,3324
GSM6574525,Endometriosis,4537,1.0138858276394092,GSE213216,0.1078546475987401,46,4491
GSM6574526,Endometriosis,5658,0.4948745139625309,GSE213216,-0.5194047965825397,28,5630
GSM6574527,Endometriosis,5857,0.3926925046952365,GSE213216,-0.7078700222631026,23,5834
GSM6574528,Endometriosis,2850,0.3508771929824561,GSE213216,-0.7965602759333761,10,2840
GSM6574529,Control,1729,0.3470213996529786,GSE213216,-0.8051488115704651,6,1723
GSM6574530,Endometriosis,630,0.4761904761904762,GSE213216,-0.5513169851207275,3,627
GSM6574531,Control,3148,0.3811944091486658,GSE213216,-0.731483913509654,12,3136
GSM6574532,Endometriosis,692,0.4335260115606936,GSE213216,-0.6282474529889726,3,689
GSM6574533,Endometriosis,6817,2.845826609945724,GSE213216,1.0803894602138917,194,6623
GSM6574534,Endometriosis,1334,0.0749625187406296,GSE213216,-1.7431835066231138,1,1333
GSM6574535,Endometriosis,4527,0.7731389441130992,GSE213216,-0.1356605787469975,35,4492
GSM6574536,Endometriosis,2090,0.4784688995215311,GSE213216,-0.5473704943440639,10,2080
GSM6574537,Endometriosis,2743,0.6197593875318994,GSE213216,-0.3288383068074201,17,2726
GSM6574538,Endometriosis,124,0.0,GSE213216,-2.302585092994045,0,124
GSM6574541,Endometriosis,407,0.0,GSE213216,-2.302585092994045,0,407
GSM6574542,Endometriosis,3578,1.2576858580212409,GSE213216,0.305781675440544,45,3533
GSM6574543,Endometriosis,1153,1.1274934952298352,GSE213216,0.2049742814707342,13,1140
GSM6574544,Endometriosis,1003,0.1994017946161515,GSE213216,-1.2059688129726511,2,1001
GSM6574545,Endometriosis,747,0.1338688085676037,GSE213216,-1.4529949679928067,1,746
GSM6574546,Endometriosis,1548,1.8733850129198968,GSE213216,0.6797503488645568,29,1519
GSM6574547,Endometriosis,3339,0.2395926924228811,GSE213216,-1.0800083429658605,8,3331
GSM6574548,Endometriosis,641,0.0,GSE213216,-2.302585092994045,0,641
GSM6574549,Endometriosis,287,0.0,GSE213216,-2.302585092994045,0,287
GSM6574552,Endometriosis,310,0.0,GSE213216,-2.302585092994045,0,310
GSM6574553,Endometriosis,608,0.1644736842105263,GSE213216,-1.330013525221301,1,607
