gsm,stage,dataset,burden,n
GSM6102532,0_normal,GSE179640,0.003497006294164929,1885
GSM6102533,0_normal,GSE179640,0.006489463195784837,2782
GSM6102534,0_normal,GSE179640,0.008047828318936473,1498
GSM6102537,0_normal,GSE179640,0.00973121830301348,174
GSM6102540,0_normal,GSE179640,0.0071747840150220565,996
GSM6102543,0_normal,GSE179640,0.00702669905224361,874
GSM6102546,0_normal,GSE179640,0.0073704215097914584,306
GSM6102549,0_normal,GSE179640,0.009625885181692972,432
GSM6102550,1_benign_lesion,GSE179640,0.008627183419633684,82
GSM6102551,0_normal,GSE179640,0.006242218222347425,881
GSM6102553,1_benign_lesion,GSE179640,0.00694418838100099,166
GSM6102554,0_normal,GSE179640,0.007358700729393349,206
GSM6102555,0_normal,GSE179640,0.01042209709607679,468
GSM6102560,0_normal,GSE179640,0.00960471189884013,2624
GSM6102563,1_benign_lesion,GSE179640,0.006602373970794436,3363
GSM6102565,1_benign_lesion,GSE179640,0.008338235623229261,10034
GSM6161373,0_normal,GSE203191,0.010897650764410132,71
GSM6161374,0_normal,GSE203191,0.0163682806224497,4169
GSM6161375,0_normal,GSE203191,0.012695148655086587,112
GSM6161376,0_normal,GSE203191,0.01312160081478344,405
GSM6161377,0_normal,GSE203191,0.013743008706251237,58
GSM6161379,0_normal,GSE203191,0.011200044220678742,171
GSM6161381,0_normal,GSE203191,0.01074494875501262,102
GSM6161382,0_normal,GSE203191,0.013780704828848515,256
GSM6161383,0_normal,GSE203191,0.013071654422994778,58
GSM6574510,1_benign_lesion,GSE213216,0.0022330751726617197,119
GSM6574511,1_benign_lesion,GSE213216,0.0015713895195114144,301
GSM6574512,0_normal,GSE213216,0.009820398397468602,931
GSM6574515,1_benign_lesion,GSE213216,0.01170739185704151,80
GSM6574516,1_benign_lesion,GSE213216,0.011445639208079358,52
GSM6574517,1_benign_lesion,GSE213216,0.010506370626587828,101
GSM6574518,0_normal,GSE213216,0.012183381532598918,258
GSM6574522,1_benign_lesion,GSE213216,0.01080980846090306,138
GSM6574523,1_benign_lesion,GSE213216,0.0077100598608697245,144
GSM6574524,1_benign_lesion,GSE213216,0.010477624725249724,292
GSM6574526,1_benign_lesion,GSE213216,0.010027942503116335,488
GSM6574527,1_benign_lesion,GSE213216,0.008493278960694229,170
GSM6574528,0_normal,GSE213216,0.006691327441402747,57
GSM6574529,0_normal,GSE213216,0.009117895118675676,69
GSM6574530,1_benign_lesion,GSE213216,0.008388388667649295,80
GSM6574531,0_normal,GSE213216,0.010267890135144677,525
GSM6574532,1_benign_lesion,GSE213216,0.008751278813652858,128
GSM6574533,1_benign_lesion,GSE213216,0.01322146731261389,146
GSM6574534,0_normal,GSE213216,0.007758419621973166,312
GSM6574535,0_normal,GSE213216,0.012338923420038426,186
GSM6574536,0_normal,GSE213216,0.00990666546594589,332
GSM6574537,1_benign_lesion,GSE213216,0.011098193602024152,699
GSM6574538,0_normal,GSE213216,0.008355535398918573,51
GSM6574542,0_normal,GSE213216,0.007536002553974879,346
GSM6574543,0_normal,GSE213216,0.007360661509239086,455
GSM6574544,0_normal,GSE213216,0.012322839878935468,121
GSM6574545,0_normal,GSE213216,0.008869171362043135,107
GSM6574547,1_benign_lesion,GSE213216,0.006827686417271549,75
GSM6574553,1_benign_lesion,GSE213216,0.012908924388581981,53
GSM6595250,1_benign_lesion,GSE179640,0.006513116297476475,269
GSM6595251,1_benign_lesion,GSE179640,0.0059568851975070804,167
GSM6595252,1_benign_lesion,GSE179640,0.005678220264693945,332
GSM6595253,1_benign_lesion,GSE179640,0.009211628130774653,415
GSM6595254,1_benign_lesion,GSE179640,0.00785495675394264,332
GSM6595255,1_benign_lesion,GSE179640,0.014878643636233578,55
GSM6595256,1_benign_lesion,GSE179640,0.006794852273649975,137
GSM6595257,1_benign_lesion,GSE179640,0.005501641491685716,288
GSM6605431,0_normal,GSE214411,0.005906238867757885,2768
GSM6605432,0_normal,GSE214411,0.00762064017395512,2659
GSM6605433,0_normal,GSE214411,0.0052841639586029485,1296
GSM6605434,0_normal,GSE214411,0.007969755247756526,2022
GSM6605435,0_normal,GSE214411,0.009769505761361635,8609
GSM6605436,0_normal,GSE214411,0.008209146558312777,3068
GSM6605437,0_normal,GSE214411,0.006375249896274296,2873
GSM6605438,0_normal,GSE214411,0.013390101485475352,1489
GSM6605439,0_normal,GSE214411,0.007770692815837334,1715
GSM6605440,0_normal,GSE214411,0.007367773744632621,1524
GSM7019822,2_malignant,GSE224333,0.013196658840322048,1467
GSM7019824,2_malignant,GSE224333,0.014193282290831978,2233
GSM7019825,2_malignant,GSE224334,0.021833944290933,5474
GSM7019826,2_malignant,GSE224334,0.020318896819120694,5783
GSM7019827,2_malignant,GSE224334,0.021920183056886953,3646
GSM7019828,2_malignant,GSE224334,0.02202719913201069,4509
GSM7019829,2_malignant,GSE224334,0.02298450567028326,7558
GSM7019830,2_malignant,GSE224334,0.024199164881925594,7024
GSM7019831,2_malignant,GSE224334,0.019629421283299173,8721
GSM7019832,2_malignant,GSE224334,0.02145490514108345,6437
GSM7019833,2_malignant,GSE224334,0.024001616676016035,4486
GSM7019834,2_malignant,GSE224334,0.022206178857552737,4700
GSM7277296,0_normal,GSE214411,0.007527838039389848,1934
GSM7277297,0_normal,GSE214411,0.0055555102787597475,630
GSM7277298,0_normal,GSE214411,0.0031985678523626486,1059
GSM7898985,0_normal,GSE247695,0.009208344943352738,117
GSM7898986,0_normal,GSE247695,0.009313704021311943,407
GSM7898987,0_normal,GSE247695,0.008989696205983468,314
GSM7898988,0_normal,GSE247695,0.016078934955591626,217
GSM8834328,2_malignant,GSE291389,0.017994986375330868,267
