,stage,dataset,cnv_burden
GSM6102532_CTCCACATCTAGGCCG-1,0_normal,GSE179640,0.0005879075272734687
GSM6102532_CGAGTTACAGCATCTA-1,0_normal,GSE179640,0.0006448198124005701
GSM7277297_ACGGGTCAGCGATTCT-1,0_normal,GSE214411,0.0009586445530796485
GSM7277296_TGGGAAGAGACTTCCA-1,0_normal,GSE214411,0.0010170022695320069
GSM6102532_AACCACAGTCGACTTA-1,0_normal,GSE179640,0.0010475455559243684
GSM7277298_GGTAGAGCAGCGTGAA-1,0_normal,GSE214411,0.0010664239030112276
GSM7277298_AGAAATGGTACAGTCT-1,0_normal,GSE214411,0.001080647843395789
GSM6102532_GTCGCGATCTTGGTGA-1,0_normal,GSE179640,0.0011666583559132044
GSM6102532_TCAATCTCAACAGCCC-1,0_normal,GSE179640,0.001286506968968837
GSM6605435_AGCTACATCATAGACC-1,0_normal,GSE214411,0.0012917942851387962
GSM6102532_GGATCTACAAGGGTCA-1,0_normal,GSE179640,0.001390856655006873
GSM6102532_GGTAATCCATCTCATT-1,0_normal,GSE179640,0.0014634126483200921
GSM6605435_CCTCCTCAGGGAGGTG-1,0_normal,GSE214411,0.00177420453179217
GSM6605435_TCGCTCATCATTCGTT-1,0_normal,GSE214411,0.001826599436800999
GSM7277296_TCTCACGCAGAATTCC-1,0_normal,GSE214411,0.0018809719687839913
GSM6605435_GATTGGTTCGTGTCAA-1,0_normal,GSE214411,0.001980948149125647
GSM6605435_TAAGCCACACCAACAT-1,0_normal,GSE214411,0.0020365337824735084
GSM7277298_CAGGGCTTCATCTCTA-1,0_normal,GSE214411,0.002045509188756835
GSM6102532_CATTCCGGTTTAGAGA-1,0_normal,GSE179640,0.0020509510160171512
GSM6605435_AGTACTGTCTATCACT-1,0_normal,GSE214411,0.002058682425421824
GSM6605435_ACTACGAAGTATGGCG-1,0_normal,GSE214411,0.002065032478243471
GSM6605438_AGTACTGTCCTAGCCT-1,0_normal,GSE214411,0.002079505559635505
GSM6102554_TACAGGTAGTGCGTCC-1,0_normal,GSE179640,0.0020832229169614213
GSM6574543_CACAGGCCATGTGGCC-1,0_normal,GSE213216,0.0020940747695111415
GSM6574528_CAGATTGCAGAGGTAC-1,0_normal,GSE213216,0.002155118552884448
GSM6102554_GAACACTGTTGTGTTG-1,0_normal,GSE179640,0.002195900331790866
GSM7277297_ATATCCTAGCTGTTAC-1,0_normal,GSE214411,0.0022016647306629567
GSM6102533_ATGGATCTCATCTACT-1,0_normal,GSE179640,0.002268762125278417
GSM7277296_CTCATCGGTGACGCCT-1,0_normal,GSE214411,0.002347628888064053
GSM6605435_CTCACTGGTATCAGCT-1,0_normal,GSE214411,0.0024277736338282536
GSM6605435_ACTTTGTTCCGCAACG-1,0_normal,GSE214411,0.0024392231007551207
GSM6605439_TACTGCCCAGGAAGTC-1,0_normal,GSE214411,0.002475421058888985
GSM6605435_CCTTCAGGTCTGCAAT-1,0_normal,GSE214411,0.0025595168848558834
GSM6605431_TAGTGCAGTGTTGAGG-1,0_normal,GSE214411,0.0026335567499469787
GSM6605432_AAAGGTACAACATCGT-1,0_normal,GSE214411,0.002672508940895944
GSM6605435_TTTAGTCAGAACGTGC-1,0_normal,GSE214411,0.0027255972033285703
GSM6605432_GCGAGAATCAACACGT-1,0_normal,GSE214411,0.002806485186709847
GSM6102533_CATCGCTTCGAGTGGA-1,0_normal,GSE179640,0.0028210437833115377
GSM6605432_AATCGACCACATGTTG-1,0_normal,GSE214411,0.0028867146396590977
GSM6605438_GATGGAGCAAGGCTTT-1,0_normal,GSE214411,0.0029250421531510852
GSM6605436_TCGAACATCAGTGATC-1,0_normal,GSE214411,0.0029405895045541077
GSM6605435_CGCGTGAAGGCGACAT-1,0_normal,GSE214411,0.0029431213051094585
GSM6574512_TCGTAGATCGTAGAGG-1,0_normal,GSE213216,0.0029581771017598026
GSM6605435_GTAACCAGTATAGGGC-1,0_normal,GSE214411,0.0029844749244744063
GSM6605437_CGCAGGTGTCTACACA-1,0_normal,GSE214411,0.003007170608405972
GSM7277297_CCTCACAAGGTATCTC-1,0_normal,GSE214411,0.0030088026750914425
GSM6605435_CAATACGCACGGGTAA-1,0_normal,GSE214411,0.0030410346408056596
GSM7277297_GATCACATCAGATTGC-1,0_normal,GSE214411,0.0031462838841374106
GSM6605432_AGAGCCCGTCTTACAG-1,0_normal,GSE214411,0.003189748585750359
GSM6605440_CCGGACATCTACTATC-1,0_normal,GSE214411,0.0032389491353099972
GSM6574512_GATCCCTGTTGAGGAC-1,0_normal,GSE213216,0.0032553384713538192
GSM6605435_TCACTATGTTTACCTT-1,0_normal,GSE214411,0.0032857130610001186
GSM6605433_CCAAGCGTCCCAGGCA-1,0_normal,GSE214411,0.0032873899647138
GSM7277298_AAAGGATCAGAACCGA-1,0_normal,GSE214411,0.0033122048917535608
GSM7277297_CATTCCGAGTAGATCA-1,0_normal,GSE214411,0.0033388217865263615
GSM6605436_CATCAAGGTAACTGCT-1,0_normal,GSE214411,0.003359983032405838
GSM6102533_TTCCTTCTCTGAGATC-1,0_normal,GSE179640,0.003430381677848789
GSM6102549_GCATCTCAGTCCCGGT-1,0_normal,GSE179640,0.00346961121038466
GSM6574542_TCCTCGAGTCGTGGTC-1,0_normal,GSE213216,0.003578314128284584
GSM6605438_GGGAAGTTCTCGACGG-1,0_normal,GSE214411,0.003608136092804736
GSM6605431_TAAGCGTAGGCTTTCA-1,0_normal,GSE214411,0.003622704301240899
GSM6574531_CGTTAGAGTGTATCCA-1,0_normal,GSE213216,0.003665539092338988
GSM6605435_GTTACGACAGCTTCGG-1,0_normal,GSE214411,0.00368134124077611
GSM6605437_GTTGCTCTCGCACGGT-1,0_normal,GSE214411,0.0036975126779547896
GSM6605435_CGATGGCTCGATACAC-1,0_normal,GSE214411,0.003767033712066484
GSM6102554_GTGCTGGAGAGATGCC-1,0_normal,GSE179640,0.003770129874870257
GSM6102540_GCATCTCAGAATTGCA-1,0_normal,GSE179640,0.0037918749627302377
GSM6102551_AGGTGTTGTTTCGTGA-1,0_normal,GSE179640,0.0038351144536256255
GSM6605431_GAATCGTTCATTGTTC-1,0_normal,GSE214411,0.0038435389049859743
GSM6574512_AGGTCTAGTTGGGACA-1,0_normal,GSE213216,0.0038567562055532136
GSM6102534_GGTTGTAAGACTACGG-1,0_normal,GSE179640,0.003899867705846496
GSM6605431_CGTAATGTCGCTCTAC-1,0_normal,GSE214411,0.003915107904963616
GSM6605432_TGGGATTGTAGACGGT-1,0_normal,GSE214411,0.003934489094262603
GSM6102533_GGTGAAGCAAAGAACT-1,0_normal,GSE179640,0.003943139430832787
GSM6102551_AATGACCCATGAGATA-1,0_normal,GSE179640,0.0039510825710497395
GSM6605437_CGAGTGCCAAGAGCTG-1,0_normal,GSE214411,0.0039734871513581824
GSM6102532_TGGGAAGCAGCTATAC-1,0_normal,GSE179640,0.003998009097065377
GSM6605436_TTTAGTCGTTTACTGG-1,0_normal,GSE214411,0.003998994149319807
GSM6605436_CGCATAACACGACGCT-1,0_normal,GSE214411,0.0040882858710498205
GSM6605435_CTATCCGTCAGGAAAT-1,0_normal,GSE214411,0.004118805702859635
GSM6605440_AGTTCCCGTTTCTTAC-1,0_normal,GSE214411,0.004148863493868102
GSM6102533_TATTTCGTCTTTGATC-1,0_normal,GSE179640,0.004152976901331153
GSM6102540_TTTGATCCATCTGCGG-1,0_normal,GSE179640,0.004209028971391955
GSM6605434_TTTGATCTCATGAGTC-1,0_normal,GSE214411,0.004247200413927245
GSM6102551_CACACAACAACACGTT-1,0_normal,GSE179640,0.004291909098019445
GSM6605431_GGAAGTGGTGTGAATA-1,0_normal,GSE214411,0.004357718390568138
GSM6102551_ACGGAAGCACGGATCC-1,0_normal,GSE179640,0.0043898588224406355
GSM6102551_CAGATACCAAGGACAC-1,0_normal,GSE179640,0.004412098152012938
GSM6605434_GACACGCGTATCGTTG-1,0_normal,GSE214411,0.0044282298654799305
GSM6605434_ATCCGTCTCATTTGGG-1,0_normal,GSE214411,0.0044379056765298415
GSM6102560_CGAGGCTAGAGAGGGC-1,0_normal,GSE179640,0.004490159497256492
GSM6102540_AGTACCAGTGTCCGGT-1,0_normal,GSE179640,0.004509341569957865
GSM6605431_TGTACAGGTGTTGAGG-1,0_normal,GSE214411,0.004515677743527965
GSM6102533_TCTCCGAGTGCTCTCT-1,0_normal,GSE179640,0.004537041830866219
GSM6102540_GGAGATGGTGTGAGCA-1,0_normal,GSE179640,0.004543892859726416
GSM6605436_ATTCACTCAAGACGGT-1,0_normal,GSE214411,0.004604796295372782
GSM6605432_ATGAGTCGTCAGGAGT-1,0_normal,GSE214411,0.004605836296071471
GSM7277296_TGGGATTTCATCGCTC-1,0_normal,GSE214411,0.004656176560353029
GSM6605440_ACTCTCGAGCGAGAAA-1,0_normal,GSE214411,0.0046589859541980045
GSM6605431_CATTGCCAGGGTGAGG-1,0_normal,GSE214411,0.004677303513825479
GSM7277297_AGTTAGCCAAGCTCTA-1,0_normal,GSE214411,0.004697030964918621
GSM6102533_ACCTGAAAGGCTGAAC-1,0_normal,GSE179640,0.004714919879088064
GSM6102533_ACAGAAAGTTTCCCAC-1,0_normal,GSE179640,0.0047195470600649
GSM6605435_ATACCTTTCATCACTT-1,0_normal,GSE214411,0.004735881105729195
GSM6605438_GGAAGTGAGAGATGCC-1,0_normal,GSE214411,0.00474609416949239
GSM6102543_AGACAAACAGGTAGTG-1,0_normal,GSE179640,0.0047567575340377345
GSM6102532_TAGACTGTCATGTCTT-1,0_normal,GSE179640,0.00475808072385437
GSM6605432_TAAGCACAGTCCCAAT-1,0_normal,GSE214411,0.0047633038677802235
GSM6605431_GTTCCGTTCTACTTCA-1,0_normal,GSE214411,0.004810971767771001
GSM6574534_TGGGATTGTTAGAGAT-1,0_normal,GSE213216,0.004838477541058526
GSM6605431_AATGAAGTCACCGACG-1,0_normal,GSE214411,0.004893178563292593
GSM6102534_TGGTACATCCGTGTAA-1,0_normal,GSE179640,0.004905846284962459
GSM6574543_TCACTATGTGCAAGAC-1,0_normal,GSE213216,0.004951171835545634
GSM6102533_CTGCGAGCATACCATG-1,0_normal,GSE179640,0.004968230383263593
GSM6605431_TGAGGAGAGTAGGATT-1,0_normal,GSE214411,0.004968608675708165
GSM6605440_GCCAGGTCAACCAGAG-1,0_normal,GSE214411,0.004977087217097021
GSM6605439_GCGATCGGTTCGTGCG-1,0_normal,GSE214411,0.004996253570216869
GSM6102540_GAGTTACCATAAGATG-1,0_normal,GSE179640,0.004998717280622701
GSM6605431_AAGCCATAGCACTCGC-1,0_normal,GSE214411,0.0050143041879527625
GSM6605439_TACATTCGTGCCGTTG-1,0_normal,GSE214411,0.00504141779556679
GSM6605436_GAGCTGCGTTGATCGT-1,0_normal,GSE214411,0.0051083948585569534
GSM6605437_TAGTGCATCATAGCAC-1,0_normal,GSE214411,0.005138367492910861
GSM6102534_CGTGCTTGTAGGGTAC-1,0_normal,GSE179640,0.005151453240194936
GSM7898986_ACTGATGCAGTAGATA-1,0_normal,GSE247695,0.005163380723283558
GSM6574536_CAGCGTGCATCTTTCA-1,0_normal,GSE213216,0.005174557842818807
GSM6605433_TTACAGGTCGCTCTCA-1,0_normal,GSE214411,0.005222572550756488
GSM6161376_GTGCGTGCAGCAGTAG-1,0_normal,GSE203191,0.005269019040116282
GSM6574531_GGTTAACCAATACGCT-1,0_normal,GSE213216,0.005324802300871577
GSM7277296_ATAGACCCATCGGATT-1,0_normal,GSE214411,0.005338595624300787
GSM6605433_CCTCAACGTGCATTAC-1,0_normal,GSE214411,0.005340348514669914
GSM6605437_CCCTAACAGTCGAAAT-1,0_normal,GSE214411,0.00536313328193768
GSM6102551_CATCCCAAGCACTAAA-1,0_normal,GSE179640,0.005430244863002757
GSM6605437_GCGTTTCCAGCAGTAG-1,0_normal,GSE214411,0.005466314649889991
GSM6605436_AATTTCCCATGACCCG-1,0_normal,GSE214411,0.005598654395850583
GSM7898986_TCTACCGCACTGTGTA-1,0_normal,GSE247695,0.0057508635527427415
GSM6102551_TGATGCACATCTAGAC-1,0_normal,GSE179640,0.005817886976793841
GSM6605437_GGTCACGTCCAACCAA-1,0_normal,GSE214411,0.005828507090882985
GSM6605436_ACGCACGCAGTCTACA-1,0_normal,GSE214411,0.0058373378839637795
GSM6605439_AAAGGGCGTTTCCAAG-1,0_normal,GSE214411,0.005871258838726899
GSM6102540_CTGTAGATCTCAGAAC-1,0_normal,GSE179640,0.0058785048239516375
GSM6605433_GAGTCTATCGTTAGTG-1,0_normal,GSE214411,0.0058968938283714524
GSM6605439_CGTGATATCTTAATCC-1,0_normal,GSE214411,0.005902217337987538
GSM6102533_GCAACCGTCTCGCTCA-1,0_normal,GSE179640,0.005914975985395475
GSM6605432_GAGGGTAGTATACCTG-1,0_normal,GSE214411,0.005915276028935542
GSM6102560_GAAGCCCAGTCGCCCA-1,0_normal,GSE179640,0.005929360374841912
GSM6102560_AGACAGGTCGAAATCC-1,0_normal,GSE179640,0.005935075915101847
GSM6605436_ATCACTTTCGTTCTGC-1,0_normal,GSE214411,0.005969582539827962
GSM6102534_CCTTTGGTCAATCTTC-1,0_normal,GSE179640,0.006005175128104027
GSM6161379_GACCCAGCAGTGGTGA-1,0_normal,GSE203191,0.006020884552626478
GSM6605435_TCCCACAGTTAAGACA-1,0_normal,GSE214411,0.006049261927394316
GSM7898986_CTCCACAGTTGAGGAC-1,0_normal,GSE247695,0.0060588719435611315
GSM6102534_TTCAATCTCTGAGCAT-1,0_normal,GSE179640,0.006077658915526022
GSM6605431_CATTCCGTCGAGCCTG-1,0_normal,GSE214411,0.006082406283434141
GSM6574531_GAACTGTCAAAGTGTA-1,0_normal,GSE213216,0.006103205602432761
GSM6102534_TGAGTCACATAGATGA-1,0_normal,GSE179640,0.006124974533527557
GSM6605432_TGGGCTGGTCGTCGGT-1,0_normal,GSE214411,0.006143492029204062
GSM6605437_TCCATCGGTCGTCGGT-1,0_normal,GSE214411,0.0061692426637781775
GSM6102560_GAATCGTAGATGTTAG-1,0_normal,GSE179640,0.006204785516863506
GSM6102532_AAGCGAGTCGGACTGC-1,0_normal,GSE179640,0.006211133616939136
GSM7277296_TCCTCGAAGGTCACCC-1,0_normal,GSE214411,0.00622629681463466
GSM6605439_TTCAGGATCCGCGATG-1,0_normal,GSE214411,0.006233856297004413
GSM6102560_TCCTCCCCAATGCAAA-1,0_normal,GSE179640,0.006262217558239029
GSM6102534_AAAGTGAGTGCCTTCT-1,0_normal,GSE179640,0.006287068554596272
GSM6605434_TCTATACCAGATTAAG-1,0_normal,GSE214411,0.006327025130820403
GSM6605436_ACAAAGAAGAATTCAG-1,0_normal,GSE214411,0.006376590397323292
GSM6605437_TCGGTCTAGGTCCAGA-1,0_normal,GSE214411,0.006407866046059758
GSM6605437_CACAACATCATGGATC-1,0_normal,GSE214411,0.00642371279546025
GSM6102554_CCGCAAGCAACCACGC-1,0_normal,GSE179640,0.006546732385547933
GSM6605432_AAGGAATCATGTCGTA-1,0_normal,GSE214411,0.006610577395757232
GSM6605434_CGTCAAACAGAGTTCT-1,0_normal,GSE214411,0.006740402979933064
GSM6102534_ATCGGATGTTACTCAG-1,0_normal,GSE179640,0.006746945318505407
GSM6605440_TACTTACAGCGACTTT-1,0_normal,GSE214411,0.00675912877113568
GSM6102540_TGTCCACGTGCAATGG-1,0_normal,GSE179640,0.006782835329585579
GSM6102540_GATTTCTAGAGTTGCG-1,0_normal,GSE179640,0.006830160582280487
GSM6605434_CGGGTGTCAACTCCCT-1,0_normal,GSE214411,0.006860171696753851
GSM6605437_TTGCGTCGTCAATGGG-1,0_normal,GSE214411,0.006864757021990986
GSM7277296_TAGACTGCACCTGCAG-1,0_normal,GSE214411,0.006895540365234041
GSM6605437_GGTAACTCACGCGCAT-1,0_normal,GSE214411,0.006898711575335646
GSM6605439_CTTCGGTAGACTACGG-1,0_normal,GSE214411,0.006898981614197685
GSM6102560_GATTGGTCATGACGTT-1,0_normal,GSE179640,0.0069144273220258495
GSM6605435_GAAGAATTCACGATCA-1,0_normal,GSE214411,0.006939186964069098
GSM6605435_ATGCATGCACCTCGTT-1,0_normal,GSE214411,0.006964680547370811
GSM7898986_GGAATGGCAAGCGAAC-1,0_normal,GSE247695,0.006981054719097264
GSM6102555_AGTACTGGTGGAACAC-1,0_normal,GSE179640,0.006981755710909196
GSM6102543_ATTACCTGTAATGCTC-1,0_normal,GSE179640,0.007021738719530726
GSM6102560_GTAGCTAAGCAAGGAA-1,0_normal,GSE179640,0.007032374453769733
GSM6605437_TTTACGTGTGTTAGCT-1,0_normal,GSE214411,0.007054668132846127
GSM6102533_GTGTAACTCACCGCTT-1,0_normal,GSE179640,0.007094970045292493
GSM6102533_GAAATGATCACAGTGT-1,0_normal,GSE179640,0.007099186206384643
GSM7277296_CTGCCTACACTGATTG-1,0_normal,GSE214411,0.007157342680749914
GSM6605439_ACCCTTGAGATAGGGA-1,0_normal,GSE214411,0.007273829905592589
GSM6102533_TGCGACGGTCGTCGGT-1,0_normal,GSE179640,0.007393261145684572
GSM6605436_GTTACCCGTATGGAAT-1,0_normal,GSE214411,0.007451192479661134
GSM6102549_TTTACGTTCGCAAGAG-1,0_normal,GSE179640,0.0074698953685968465
GSM6605440_TCACTCGCATAGACTC-1,0_normal,GSE214411,0.007476224719606454
GSM6102551_TTCCTCTTCTCTGGTC-1,0_normal,GSE179640,0.0075405958276379545
GSM6102533_TGATTCTAGTTCTACG-1,0_normal,GSE179640,0.007548647557179994
GSM6605436_CCATCACCAATGTGGG-1,0_normal,GSE214411,0.007561272983516672
GSM6102560_TCCGAAACACTGAGGA-1,0_normal,GSE179640,0.007767778913672998
GSM6161382_GTGCACGTCGAGAAAT-1,0_normal,GSE203191,0.00784156541131106
GSM6605437_TTCAATCTCGCCGAGT-1,0_normal,GSE214411,0.007887509292388146
GSM6605436_GAATCGTCACTCCGAG-1,0_normal,GSE214411,0.008151811513067677
GSM7277296_AGGATAACAAACGGCA-1,0_normal,GSE214411,0.008201887387968797
GSM6102560_TCGCTCAGTGCCTTCT-1,0_normal,GSE179640,0.008258882931059381
GSM6574512_CGAAGTTTCTCTGAGA-1,0_normal,GSE213216,0.008325383512873522
GSM6102560_TGATCTTTCTCCTGCA-1,0_normal,GSE179640,0.008351887388672026
GSM6102540_TCAAGACGTTACGATC-1,0_normal,GSE179640,0.008353380890274148
GSM6605435_AATTTCCAGCCTATCA-1,0_normal,GSE214411,0.008397141149766422
GSM6574543_CGTCAAAGTAGGGAGG-1,0_normal,GSE213216,0.00846871863053052
GSM6161382_ACGGAAGGTGGTCTAT-1,0_normal,GSE203191,0.008485357573816462
GSM6102560_CACAACATCTAGTTCT-1,0_normal,GSE179640,0.008521716507755201
GSM6605436_TGTAACGAGCACCGAA-1,0_normal,GSE214411,0.00853267076718302
GSM6574531_TGACTCCTCTATTGTC-1,0_normal,GSE213216,0.008553239690686045
GSM6605432_TACCTCGGTAGAGCTG-1,0_normal,GSE214411,0.008572102071823092
GSM6102560_CATTGCCTCTTCGTAT-1,0_normal,GSE179640,0.008682309950076081
GSM6605436_GAAGTAAAGGCCTAAG-1,0_normal,GSE214411,0.008751726956237492
GSM6605435_CATTCTATCATGAGTC-1,0_normal,GSE214411,0.00878276532984245
GSM6605439_ATAGAGATCGACCTAA-1,0_normal,GSE214411,0.00878640484083725
GSM6102560_GGTGATTAGTAAGGGA-1,0_normal,GSE179640,0.008900899080981137
GSM6102534_GGAGAACGTCTGTGGC-1,0_normal,GSE179640,0.008901982937330525
GSM7898987_ACGTTCCCAACCCGCA-1,0_normal,GSE247695,0.008938952526223324
GSM6605437_TCCATGCAGACCTCAT-1,0_normal,GSE214411,0.008986094792030302
GSM6102534_CTCCTCCGTGATAGAT-1,0_normal,GSE179640,0.0090177516224702
GSM6605436_CCAATGAGTCGTTTCC-1,0_normal,GSE214411,0.009021692309534668
GSM6102549_GGGACCTCACCTGAAT-1,0_normal,GSE179640,0.009040041557779023
GSM6102543_TGAGCGCTCTATTTCG-1,0_normal,GSE179640,0.009052151805096146
GSM7277296_GGAGAACGTTCCAAAC-1,0_normal,GSE214411,0.00908000824568104
GSM6102543_TACTGCCAGGCTCACC-1,0_normal,GSE179640,0.009086189598056814
GSM6605431_GTGGGAAGTATACCCA-1,0_normal,GSE214411,0.009110864624823715
GSM6102560_CAATACGAGTATCTGC-1,0_normal,GSE179640,0.009116467617505048
GSM6605435_TATATCCCACACTTAG-1,0_normal,GSE214411,0.009138325259528726
GSM6102560_CCGATCTTCGTCGATA-1,0_normal,GSE179640,0.009164285784631764
GSM6605436_CTACCCAGTCACGACC-1,0_normal,GSE214411,0.009205869682979137
GSM6102533_CTCAAGATCCTACGAA-1,0_normal,GSE179640,0.00924742813097024
GSM6102534_GAGAGGTCATTGCTTT-1,0_normal,GSE179640,0.009350648180127347
GSM6102533_GACAGCCGTCGATTCA-1,0_normal,GSE179640,0.009403874679514054
GSM6605436_ACTATGGCAGACCAAG-1,0_normal,GSE214411,0.009437360495156416
GSM6605435_TTGCTGCTCTCCTGTG-1,0_normal,GSE214411,0.00951612425373403
GSM6605438_CTTACCGTCCGATAAC-1,0_normal,GSE214411,0.009546780769591307
GSM6102555_GTAATGCAGGATGTTA-1,0_normal,GSE179640,0.00971591157414045
GSM7898987_TTACGTTCACGCTGTG-1,0_normal,GSE247695,0.009739341156949358
GSM6102560_TGGTAGTGTGGTTTAC-1,0_normal,GSE179640,0.00979020723942082
GSM6574543_GCGAGAAAGACATACA-1,0_normal,GSE213216,0.009822099711926336
GSM6161382_TCACGCTTCTAGGAAA-1,0_normal,GSE203191,0.009837079437721274
GSM6605437_TTCATGTAGGATGTTA-1,0_normal,GSE214411,0.009882993985651262
GSM6102555_ACCTACCAGTCGAGGT-1,0_normal,GSE179640,0.00996810573203602
GSM6574521_ACAAAGAGTGACCTGC-1,0_normal,GSE213216,0.010011719082265346
GSM6161381_AGGCTGCAGTTCATCG-1,0_normal,GSE203191,0.010036198256332255
GSM6574543_TCATACTCATCGGATT-1,0_normal,GSE213216,0.010197811615087626
GSM6574543_CTCCACAAGGCAGGGA-1,0_normal,GSE213216,0.01027789168248683
GSM6102533_CATCGCTTCCAACTGA-1,0_normal,GSE179640,0.010328147339349869
GSM6161381_TCGTAGAGTACTGCCG-1,0_normal,GSE203191,0.010352143563494783
GSM6161376_GGGATCCAGCGAGGAG-1,0_normal,GSE203191,0.010381526255850535
GSM6574542_GAAGTAATCCAGCTCT-1,0_normal,GSE213216,0.010415760140375468
GSM6605435_TATTCCATCTGGGCCA-1,0_normal,GSE214411,0.010445617303195409
GSM6102560_ACTTAGGCAATGGCAG-1,0_normal,GSE179640,0.010446346695907983
GSM6605435_CTGATCCTCGATCCAA-1,0_normal,GSE214411,0.010481880563529201
GSM6161381_ATCGTGACAGGTGGAT-1,0_normal,GSE203191,0.010671501836006422
GSM6102560_AACGTCATCTCCTGAC-1,0_normal,GSE179640,0.010699692578585909
GSM6605432_ATAGGCTAGGGAGGCA-1,0_normal,GSE214411,0.010714369856573428
GSM6605431_CACAACACAACTGGTT-1,0_normal,GSE214411,0.010752801333296652
GSM6605432_ATAGGCTTCTTCGGAA-1,0_normal,GSE214411,0.010790916372462949
GSM6574543_TTCTCTCTCACCTTAT-1,0_normal,GSE213216,0.010813100881093446
GSM6605435_ACATTTCGTATGGGAC-1,0_normal,GSE214411,0.010819956053265625
GSM6574512_TTTCCTCGTATGGTAA-1,0_normal,GSE213216,0.010847954729284577
GSM6605435_GGCTTTCGTCGCGTCA-1,0_normal,GSE214411,0.010916571257103925
GSM6605440_TCTGTCGGTTATCCAG-1,0_normal,GSE214411,0.010968619782795326
GSM6102551_CATCCGTAGAGTCGAC-1,0_normal,GSE179640,0.010987764771614852
GSM6574531_GACCAATGTAACTTCG-1,0_normal,GSE213216,0.011020089016017271
GSM6102534_CCGGACATCTCTATAC-1,0_normal,GSE179640,0.011070824026697242
GSM6161374_TGATGGTTCGGCTTGG-1,0_normal,GSE203191,0.011091302949080476
GSM6605435_TGAGCATAGCACAAAT-1,0_normal,GSE214411,0.011301383494280023
GSM6605439_TCACGGGAGCTGCCAC-1,0_normal,GSE214411,0.011453383252550853
GSM7277298_ATATCCTAGTGGAAGA-1,0_normal,GSE214411,0.011477185627371666
GSM6605435_TTTGATCTCGTTAGAC-1,0_normal,GSE214411,0.011550810646605812
GSM6574518_TTCATGTTCTCGCAGG-1,0_normal,GSE213216,0.011617950801081859
GSM6161374_GGAAGTGGTCTGATAC-1,0_normal,GSE203191,0.011671462790343668
GSM6102533_GGTGTCGAGACCTCAT-1,0_normal,GSE179640,0.011804906118777835
GSM6102533_CAGATCATCAGCAATC-1,0_normal,GSE179640,0.0118130943993415
GSM6574512_GATAGCTGTGGACTGA-1,0_normal,GSE213216,0.011830531359035121
GSM6605440_CAACGATCAGTCCGTG-1,0_normal,GSE214411,0.01184309982094895
GSM6605435_GGGAGATCAGCGACAA-1,0_normal,GSE214411,0.011871271471328894
GSM6605436_TTTAGTCTCGTGGCGT-1,0_normal,GSE214411,0.011892721163885341
GSM6574536_GGTAGAGGTTAACCTG-1,0_normal,GSE213216,0.011892778905568838
GSM6605435_GCAGCTGGTTGGGAAC-1,0_normal,GSE214411,0.011949293701204894
GSM6605436_AGTAGTCTCCTCATAT-1,0_normal,GSE214411,0.01196283266429685
GSM7898988_ATTTCACGTCAGTTTG-1,0_normal,GSE247695,0.011986012048340723
GSM6605435_CATTGCCGTCTCAGGC-1,0_normal,GSE214411,0.012012036995086467
GSM6605437_GTGAGGAGTTCCATTT-1,0_normal,GSE214411,0.012027503187276762
GSM6605435_AGAGAGCCATCAGCTA-1,0_normal,GSE214411,0.012063451232778069
GSM6605434_GATTCGAGTGGCATCC-1,0_normal,GSE214411,0.012078779230212259
GSM6605433_CTTTCAATCAATCAGC-1,0_normal,GSE214411,0.012279078063749414
GSM6605435_AGATGAAAGCCTATCA-1,0_normal,GSE214411,0.012805264132644961
GSM6161374_ACATTTCCATGACAGG-1,0_normal,GSE203191,0.012807661744017899
GSM6605435_TGAACGTCACGTGAGA-1,0_normal,GSE214411,0.013052552470731305
GSM6102534_GACTCTCGTACTGCGC-1,0_normal,GSE179640,0.013163587802441385
GSM6605439_TGGTACAAGCTCCACG-1,0_normal,GSE214411,0.013177204286025269
GSM6102560_GCATCTCTCGTCACCT-1,0_normal,GSE179640,0.013188096944557198
GSM6161374_ACAACCAGTAGGAAAG-1,0_normal,GSE203191,0.013290368346269323
GSM6605431_AAAGGATTCTTACGGA-1,0_normal,GSE214411,0.013413839896947981
GSM6605435_CTACGGGCACTACAGT-1,0_normal,GSE214411,0.013418827794362395
GSM7898986_TCCTTTCGTCACGACC-1,0_normal,GSE247695,0.013738235998400038
GSM6605439_TTGGGTACATTCTCTA-1,0_normal,GSE214411,0.013758379109078669
GSM6574535_AGTCATGCAACTCGTA-1,0_normal,GSE213216,0.013772262360634703
GSM6102540_TACAGGTGTTCTCCAC-1,0_normal,GSE179640,0.01380969387312568
GSM6574535_GGAGGTACACAATGAA-1,0_normal,GSE213216,0.013843036633474541
GSM6161376_ACGGTTATCCATGCAA-1,0_normal,GSE203191,0.013972441173824079
GSM6161376_TGTAACGTCCTACGAA-1,0_normal,GSE203191,0.014154992872016225
GSM6605435_AGGATCTTCCAAGCAT-1,0_normal,GSE214411,0.014226379636549455
GSM6161374_AAGCGTTCATGTGCTA-1,0_normal,GSE203191,0.014234274114974882
GSM6605436_TCCACCATCGATCCAA-1,0_normal,GSE214411,0.014298633674796954
GSM6605435_CGCAGGTAGTGAGTGC-1,0_normal,GSE214411,0.014409422067028303
GSM7277298_CTGGCAGAGGGTAATT-1,0_normal,GSE214411,0.014462201678835827
GSM6161374_CCTGCATTCAAGGCTT-1,0_normal,GSE203191,0.01451445319286848
GSM6574536_TAGAGTCCACAGTACT-1,0_normal,GSE213216,0.01453209731286897
GSM6605435_AGGGTGATCTTGGAAC-1,0_normal,GSE214411,0.014538361262446179
GSM6161374_GAATCACTCGGTCTAA-1,0_normal,GSE203191,0.014568336246355349
GSM6102540_ATTCACTGTCAAATCC-1,0_normal,GSE179640,0.014636334768397877
GSM6605435_CAAGGGAAGTCACTCA-1,0_normal,GSE214411,0.014689569738109167
GSM6605435_TAGATCGTCTCTGCTG-1,0_normal,GSE214411,0.014698787154832088
GSM6605435_TTACCATCAGCAGTGA-1,0_normal,GSE214411,0.014808868192707625
GSM6605434_GCAGTTAAGACCGCCT-1,0_normal,GSE214411,0.014856885492252087
GSM6161374_TCCCACATCCAGCCTT-1,0_normal,GSE203191,0.014907202446446208
GSM6161374_AACGGGATCCTCACCA-1,0_normal,GSE203191,0.01496841181258736
GSM6605435_GAAGTAAGTTCCATTT-1,0_normal,GSE214411,0.015001748042807336
GSM6161374_GTGGCGTTCCTTGACC-1,0_normal,GSE203191,0.01520297134218071
GSM6605435_TTCCTTCTCAGCCCAG-1,0_normal,GSE214411,0.015301061786937352
GSM6161374_AATGGCTAGACTTCAC-1,0_normal,GSE203191,0.015375152324271805
GSM6605435_ACATGCAGTGAACCGA-1,0_normal,GSE214411,0.015387803016429983
GSM6102560_ATCACGATCTTCGTAT-1,0_normal,GSE179640,0.015433311397812058
GSM6161374_GTTTGGAGTCTTTCTA-1,0_normal,GSE203191,0.015515804519166088
GSM6605435_TGTCCCAGTGGACTAG-1,0_normal,GSE214411,0.015674715023547853
GSM6102533_CGGTCAGTCTGCGATA-1,0_normal,GSE179640,0.0157420718822139
GSM6102532_GGGCTCATCGCTGCGA-1,0_normal,GSE179640,0.015771835563949288
GSM6102560_ATTGTTCTCATCGCAA-1,0_normal,GSE179640,0.015869026249557206
GSM6161374_AAGCGTTAGGGTCAAC-1,0_normal,GSE203191,0.01598877512186485
GSM6161374_GGGACTCCAACTGGTT-1,0_normal,GSE203191,0.015993707125359014
GSM7277296_GTCGTTCAGAGAACCC-1,0_normal,GSE214411,0.01600963855169471
GSM6574529_GATGACTCATGTGCTA-1,0_normal,GSE213216,0.01601409709375001
GSM6605432_TTAATCCGTCACCGAC-1,0_normal,GSE214411,0.01609510374944481
GSM6605440_ACCATTTTCGTAACTG-1,0_normal,GSE214411,0.016118061439333826
GSM6605435_TCTGCCAGTATCTCGA-1,0_normal,GSE214411,0.01613434704239693
GSM6605440_CCAAGCGGTAACTTCG-1,0_normal,GSE214411,0.01615463880331939
GSM6161374_TGGCGTGAGGTTATAG-1,0_normal,GSE203191,0.016252701512699815
GSM6161374_ATGAGTCCAATCGCAT-1,0_normal,GSE203191,0.016278936564110703
GSM6605435_AGGGTCCTCATGAGAA-1,0_normal,GSE214411,0.01629765520883955
GSM6161374_GAAGTAATCCACTAGA-1,0_normal,GSE203191,0.016322492525489795
GSM6161374_TCCGATCTCACTGAAC-1,0_normal,GSE203191,0.01641835475258982
GSM6161374_GCTACCTAGACGACGT-1,0_normal,GSE203191,0.016423805715457283
GSM6605439_CTCAGGGAGTCGAAGC-1,0_normal,GSE214411,0.016426184315373037
GSM6605438_GCCATGGGTCTACGAT-1,0_normal,GSE214411,0.016626070008799367
GSM7898988_ATCACAGCACAGCCTG-1,0_normal,GSE247695,0.016704047735291813
GSM6161374_GTGACGCGTCTCCCTA-1,0_normal,GSE203191,0.0167402749356997
GSM6605437_CTTCAATGTCCGGCAT-1,0_normal,GSE214411,0.016865800275030214
GSM6605432_ATCGATGCATCCGTGG-1,0_normal,GSE214411,0.016906622041451942
GSM8834326_TTGACGATTCAGCACG-1,0_normal,GSE291389,0.016966304920048733
GSM6161374_ACCGTTCAGGCTGTAG-1,0_normal,GSE203191,0.016992574072580136
GSM6102560_TTCAGGAAGCATCAAA-1,0_normal,GSE179640,0.017020163945034965
GSM6605439_GTGCGTGCAACCCTCT-1,0_normal,GSE214411,0.017036482134473292
GSM6102533_GCATTAGAGAGATTCA-1,0_normal,GSE179640,0.017047771156993824
GSM7898988_CAGATACTCGTAACAC-1,0_normal,GSE247695,0.017166171522368392
GSM6605435_AGTAGTCCACGTGTGC-1,0_normal,GSE214411,0.017166833570711058
GSM6161374_CACGTGGCACTCTGCT-1,0_normal,GSE203191,0.017206330912631875
GSM6605436_TGCACGGCAGTCCCGA-1,0_normal,GSE214411,0.017220760892084047
GSM6605434_CGTTCTGGTGTAGGAC-1,0_normal,GSE214411,0.017233347196207234
GSM6574518_ATTTCTGCAGAATGTA-1,0_normal,GSE213216,0.017403913926660988
GSM6102533_ATGTCCCCAGTAGGAC-1,0_normal,GSE179640,0.017408328420469153
GSM6605440_CCACCATGTGCCAAGA-1,0_normal,GSE214411,0.017417994656272227
GSM6161374_ACCAAACGTATCCTCC-1,0_normal,GSE203191,0.017475187262721507
GSM6161374_TCGATTTCATCTATCT-1,0_normal,GSE203191,0.017555737716084076
GSM6605435_TCCTGCAGTTCCTAAG-1,0_normal,GSE214411,0.017673257613531567
GSM6161382_TTCCGTGGTCCAACGC-1,0_normal,GSE203191,0.017768404633403446
GSM7277296_GTCATTTGTCATGCAT-1,0_normal,GSE214411,0.01780516272178694
GSM6161374_CTGTGGGCACCTTCGT-1,0_normal,GSE203191,0.017905325533852975
GSM6605438_CTTACCGTCCGTAGGC-1,0_normal,GSE214411,0.018016058784320853
GSM6161374_ATTCACTAGAATCGTA-1,0_normal,GSE203191,0.018105695709417544
GSM6605438_CTCCAACGTTCGTACA-1,0_normal,GSE214411,0.01815766443223389
GSM6161374_TAACGACAGGCATGCA-1,0_normal,GSE203191,0.01822546429366268
GSM6161374_GGGATCCCATAATCGC-1,0_normal,GSE203191,0.018229028547434103
GSM6605440_TCGACGGTCCTCGATC-1,0_normal,GSE214411,0.018307655683988754
GSM6161374_CCCTCAAGTGACCGTC-1,0_normal,GSE203191,0.018390493975073557
GSM6102549_TGCCGAGAGAAGCGAA-1,0_normal,GSE179640,0.018616199871875277
GSM6102543_TTCTTCCGTTGGCTAT-1,0_normal,GSE179640,0.018625456366526207
GSM6605438_CTCATTATCTACCACC-1,0_normal,GSE214411,0.018848601123697017
GSM6605434_CTTTCGGCACCAGCGT-1,0_normal,GSE214411,0.018858980847543616
GSM6161374_GTCTACCGTCGCAACC-1,0_normal,GSE203191,0.019418186512553497
GSM6161382_GTTCTATTCTTAGCCC-1,0_normal,GSE203191,0.019703473652376974
GSM6605431_CTTAGGAGTATTTCTC-1,0_normal,GSE214411,0.019746496629681268
GSM6161374_TTCTAGTCACTCATAG-1,0_normal,GSE203191,0.02048212909695573
GSM6605435_AAGTTCGCACCTCTAC-1,0_normal,GSE214411,0.02088816568304636
GSM6605435_TGGAGAGGTGCGGTAA-1,0_normal,GSE214411,0.020969808297387718
GSM6102534_TCATGCCAGAGCTTTC-1,0_normal,GSE179640,0.021347653326558972
GSM6605438_GTGCGTGGTCCACATA-1,0_normal,GSE214411,0.02203837513356103
GSM6605438_AACCATGAGACGCCCT-1,0_normal,GSE214411,0.022096409007975683
GSM6605436_GTACAGTCACCGTGCA-1,0_normal,GSE214411,0.022378864533449987
GSM6605438_GTCAAGTCAGACCAAG-1,0_normal,GSE214411,0.02321645164938174
GSM6605438_TTGGATGGTGTTACTG-1,0_normal,GSE214411,0.024270717446256983
GSM6605434_TAGTGCAGTAGCTTTG-1,0_normal,GSE214411,0.024356641457115327
GSM6605434_GACCTTCTCCGATAAC-1,0_normal,GSE214411,0.02566506254753815
GSM6102555_TCATTCAAGATCGACG-1,0_normal,GSE179640,0.033575993285512015
GSM6574511_CACCAAAAGCTAGAGC-1,1_benign_lesion,GSE213216,0.00013291362418823348
GSM6574511_CGCCATTGTCGCTGCA-1,1_benign_lesion,GSE213216,0.0004898535124183519
GSM6574511_TGTAGACCAGGAGACT-1,1_benign_lesion,GSE213216,0.0011633288747452774
GSM6574510_GAGTCATCACGTTCGG-1,1_benign_lesion,GSE213216,0.0011703584540183186
GSM6574510_GTCAAGTCAATATCCG-1,1_benign_lesion,GSE213216,0.0017262595161486782
GSM6595257_CGGGTCAGTAGGCTGA-1,1_benign_lesion,GSE179640,0.0022104205699911843
GSM6574547_GTTTGGATCTAGTTCT-1,1_benign_lesion,GSE213216,0.002238201430207638
GSM6595257_AGAAGCGCAGTCGCTG-1,1_benign_lesion,GSE179640,0.002277950500483132
GSM6102565_AGATGCTTCCGTATGA-1,1_benign_lesion,GSE179640,0.0024026631318826044
GSM6574524_GTCTGTCGTCCACGCA-1,1_benign_lesion,GSE213216,0.0025809738498359723
GSM6595254_GATTTCTTCGGCTATA-1,1_benign_lesion,GSE179640,0.0027522580452366135
GSM6595255_CCAATTTCAGTTGTCA-1,1_benign_lesion,GSE179640,0.0029121051247819334
GSM6595256_AGGGTTTCATATGGCT-1,1_benign_lesion,GSE179640,0.002936131625011096
GSM6595256_ATGGTTGCATCGTTCC-1,1_benign_lesion,GSE179640,0.0029532297603313963
GSM6574523_AGATCCACAGCCCAGT-1,1_benign_lesion,GSE213216,0.0029588228420010477
GSM6102563_CTACCCACAATGGCCC-1,1_benign_lesion,GSE179640,0.0029853973018455315
GSM6102563_TACTTGTAGCCATATC-1,1_benign_lesion,GSE179640,0.003007867094188367
GSM6102565_ATGAGGGTCAACTCTT-1,1_benign_lesion,GSE179640,0.003013972279292344
GSM6102565_TTACTGTTCTAGCAAC-1,1_benign_lesion,GSE179640,0.0030564895369986985
GSM6102563_GTCACTCAGCTGACTT-1,1_benign_lesion,GSE179640,0.003161845581973747
GSM6595251_TCGTGGGAGGGTCTTT-1,1_benign_lesion,GSE179640,0.003170642656922606
GSM6102563_TGAGGGATCACTGTCC-1,1_benign_lesion,GSE179640,0.0032783934077503197
GSM6595257_TACCCGTAGGGCAGAG-1,1_benign_lesion,GSE179640,0.0033005928166792344
GSM6102565_AACCTTTAGACCAACG-1,1_benign_lesion,GSE179640,0.003391306562945795
GSM6595256_GCTGCAGAGATGAAGG-1,1_benign_lesion,GSE179640,0.003393458123331572
GSM6102565_CGAATTGTCGTACCTC-1,1_benign_lesion,GSE179640,0.0034424914931454054
GSM6102563_GCCGTGAGTTTCTATC-1,1_benign_lesion,GSE179640,0.003492002094813248
GSM6595256_TTGAACGGTAACATAG-1,1_benign_lesion,GSE179640,0.0035015007827947212
GSM6102563_AATAGAGTCGTTACCC-1,1_benign_lesion,GSE179640,0.003540669566673285
GSM6595252_TATCAGGAGTGGTTAA-1,1_benign_lesion,GSE179640,0.003554738133794397
GSM6574547_CTAACTTCAGCACAGA-1,1_benign_lesion,GSE213216,0.00358385574297495
GSM6102563_GAGACCCAGATGCTAA-1,1_benign_lesion,GSE179640,0.0037098769983909654
GSM6102565_TATCAGGTCACACCGG-1,1_benign_lesion,GSE179640,0.00372565364665665
GSM6102565_CCACTTGTCCTAGAGT-1,1_benign_lesion,GSE179640,0.0037668757697664986
GSM6102563_CTGAATGTCCCTCGAT-1,1_benign_lesion,GSE179640,0.0037975246360565217
GSM6102563_GGGCCATGTGCCGGTT-1,1_benign_lesion,GSE179640,0.0038030997801373947
GSM6102563_TCTTTGAAGTTCCTGA-1,1_benign_lesion,GSE179640,0.0038053175011557587
GSM6102563_CTCCTCCCACTCACTC-1,1_benign_lesion,GSE179640,0.0038372945593541305
GSM6102563_TTATTGCCACAAATCC-1,1_benign_lesion,GSE179640,0.003861423734034252
GSM6102563_ACTTCCGTCACAATGC-1,1_benign_lesion,GSE179640,0.003870276824334286
GSM6574522_CATGCTCGTGTCTAAC-1,1_benign_lesion,GSE213216,0.003874624038650514
GSM6574523_ATGACCAGTTCTCAGA-1,1_benign_lesion,GSE213216,0.0038934581568447727
GSM6102565_ATGGATCTCCACACAA-1,1_benign_lesion,GSE179640,0.003924882221804642
GSM6102565_CAGCAATAGAGTGTGC-1,1_benign_lesion,GSE179640,0.003946674407334632
GSM6595252_TCATATCAGAAGTCTA-1,1_benign_lesion,GSE179640,0.004006777523020357
GSM6102563_TCGCTCAAGCGTTACT-1,1_benign_lesion,GSE179640,0.004018281282573833
GSM6102563_GGCGTCATCAAACCCA-1,1_benign_lesion,GSE179640,0.004051025468426992
GSM6102550_TAGGTTGGTACTAAGA-1,1_benign_lesion,GSE179640,0.004063302180029358
GSM6102563_GACATCAGTTGTAGCT-1,1_benign_lesion,GSE179640,0.00406606257851508
GSM6102565_CTTTCGGTCGTACACA-1,1_benign_lesion,GSE179640,0.004091877460047255
GSM6102565_ACAGCCGGTTCTCGCT-1,1_benign_lesion,GSE179640,0.004094944251989853
GSM6102565_CATTTCAAGAGCGACT-1,1_benign_lesion,GSE179640,0.004117168642036908
GSM6102563_AGGTCATCAGTCTTCC-1,1_benign_lesion,GSE179640,0.004122600204785946
GSM6102565_TGAATGCAGGTACATA-1,1_benign_lesion,GSE179640,0.004133173392022772
GSM6102565_ATATCCTGTCTTCTAT-1,1_benign_lesion,GSE179640,0.004134923426532006
GSM6102565_GTCCCATCAAGAGTGC-1,1_benign_lesion,GSE179640,0.004158395854526624
GSM6102563_AACCTGAGTACGGCAA-1,1_benign_lesion,GSE179640,0.00416745252388021
GSM6595252_GCTTGGGAGTTGAAGT-1,1_benign_lesion,GSE179640,0.00418239506172474
GSM6102565_CGAATTGTCGCAACAT-1,1_benign_lesion,GSE179640,0.004244190741249682
GSM6595254_ATGCGATAGATGCTTC-1,1_benign_lesion,GSE179640,0.004298347444480755
GSM6102563_CTGTAGAGTCAGGCAA-1,1_benign_lesion,GSE179640,0.004309194303859407
GSM6102563_ACACCAAGTAGACGTG-1,1_benign_lesion,GSE179640,0.00431610299928148
GSM6595252_CAGATCATCTGGCTGG-1,1_benign_lesion,GSE179640,0.00432900235180279
GSM6102565_CATGCGGGTCAGCTTA-1,1_benign_lesion,GSE179640,0.00434190477464243
GSM6102563_TTGGTTTCACAACGTT-1,1_benign_lesion,GSE179640,0.004345632964642109
GSM6595250_CATGCTCAGGCTAACG-1,1_benign_lesion,GSE179640,0.004361770350916557
GSM6102563_GCTCAAAAGGAGTACC-1,1_benign_lesion,GSE179640,0.004365218983472466
GSM6102565_GACCAATTCTGCTGAA-1,1_benign_lesion,GSE179640,0.004404165232157044
GSM6102563_TATCGCCAGGTCGTAG-1,1_benign_lesion,GSE179640,0.004473194899806679
GSM6595254_GGGAGATTCGCCGATG-1,1_benign_lesion,GSE179640,0.0045281479141876715
GSM6574532_AGGTCATAGATTGGGC-1,1_benign_lesion,GSE213216,0.004597456698128189
GSM6102565_GTGTCCTAGGTGCTTT-1,1_benign_lesion,GSE179640,0.004598943194994057
GSM6102565_TTCGATTGTCAACACT-1,1_benign_lesion,GSE179640,0.0046386489643238426
GSM6595254_TTCTAACGTCACAGAG-1,1_benign_lesion,GSE179640,0.004650511066817205
GSM6102563_CTCCTTTCACATTGTG-1,1_benign_lesion,GSE179640,0.004687273791626153
GSM6595251_AACACACAGCAATAAC-1,1_benign_lesion,GSE179640,0.0046879427543906555
GSM6102565_CCTCCTCGTTAAACAG-1,1_benign_lesion,GSE179640,0.004714141461584271
GSM6102563_AGGCTGCAGCCATCCG-1,1_benign_lesion,GSE179640,0.004737371450821817
GSM6102565_TATCTGTTCGAGCTGC-1,1_benign_lesion,GSE179640,0.0048010608322513375
GSM6102563_CCTCAGTTCTACACAG-1,1_benign_lesion,GSE179640,0.0048215682211665825
GSM6595257_CACTGAAAGACCAACG-1,1_benign_lesion,GSE179640,0.004849955273279212
GSM6102563_GAGCCTGAGTAGGCCA-1,1_benign_lesion,GSE179640,0.004888632961705532
GSM6102565_GACTCTCCAAAGCGTG-1,1_benign_lesion,GSE179640,0.00489234188640515
GSM6102565_CTGTAGACAAATGAGT-1,1_benign_lesion,GSE179640,0.004897919479904092
GSM6102565_ATTCATCCAAGCCCAC-1,1_benign_lesion,GSE179640,0.004980381070020845
GSM6574547_ACTTATCGTAGGAGGG-1,1_benign_lesion,GSE213216,0.004986517668678933
GSM6102563_ATCACAGTCAAAGACA-1,1_benign_lesion,GSE179640,0.005013394286085504
GSM6102563_ATTCTTGCACATAGCT-1,1_benign_lesion,GSE179640,0.0050160866117093285
GSM6102565_TCACAAGCACAACCGC-1,1_benign_lesion,GSE179640,0.005023655970338638
GSM6102565_TAACACGGTATCCTTT-1,1_benign_lesion,GSE179640,0.005043134206091349
GSM6102565_AATGACCCAAGTGCTT-1,1_benign_lesion,GSE179640,0.0050858648122733404
GSM6102565_TTGGGTACAAGATCCT-1,1_benign_lesion,GSE179640,0.005087818367605322
GSM6102563_TAAGCCATCGGTCTGG-1,1_benign_lesion,GSE179640,0.0051188987644670645
GSM6102550_CTCAACCTCATTCTTG-1,1_benign_lesion,GSE179640,0.005138937966799095
GSM6595256_TATCCTATCAGTGATC-1,1_benign_lesion,GSE179640,0.005141981657660931
GSM6102565_ATTCCATCAGGAGGTT-1,1_benign_lesion,GSE179640,0.00516585657291275
GSM6102553_TGGGATTCAAGAGATT-1,1_benign_lesion,GSE179640,0.0052257237260494435
GSM6102563_TGTGAGTGTAGGTTTC-1,1_benign_lesion,GSE179640,0.005267389617845654
GSM6595252_TTGGTTTTCAACACCA-1,1_benign_lesion,GSE179640,0.005269512818783991
GSM6102563_GTTGCGGGTCATATGC-1,1_benign_lesion,GSE179640,0.005272103433547881
GSM6102565_ATACTTCAGGTCATAA-1,1_benign_lesion,GSE179640,0.005302422133243065
GSM6102563_CTGGTCTAGCGTACAG-1,1_benign_lesion,GSE179640,0.005318028671864438
GSM6102563_TCAATTCTCCAGTGCG-1,1_benign_lesion,GSE179640,0.005339546557214043
GSM6102563_GTAACACGTACGCTAT-1,1_benign_lesion,GSE179640,0.005408474668565968
GSM6102565_TGTCCCAGTAAGTTAG-1,1_benign_lesion,GSE179640,0.0054639836995391345
GSM6102565_CATTCTATCCATCCGT-1,1_benign_lesion,GSE179640,0.005467436528400894
GSM6102565_CTACCTGAGCATGATA-1,1_benign_lesion,GSE179640,0.005520828241523561
GSM6102550_GGAGATGCATCTATCT-1,1_benign_lesion,GSE179640,0.005546873325738596
GSM6102565_GCCAGGTCATTCTTCA-1,1_benign_lesion,GSE179640,0.005558549633647583
GSM6102563_GTTACCCCATTGCTGA-1,1_benign_lesion,GSE179640,0.00558031177643029
GSM6102565_ATGCATGAGTTGGAGC-1,1_benign_lesion,GSE179640,0.005610853740403917
GSM6102563_GGGACTCGTGAGAGGG-1,1_benign_lesion,GSE179640,0.005620608958700835
GSM6102565_GGGTCTGTCAAGTCTG-1,1_benign_lesion,GSE179640,0.005620701495919344
GSM6102563_GAGGCAACATAGATCC-1,1_benign_lesion,GSE179640,0.005628506330125907
GSM6102563_GAGAAATTCACGGAGA-1,1_benign_lesion,GSE179640,0.0056417036334435264
GSM6102565_CTAGACATCCATCAGA-1,1_benign_lesion,GSE179640,0.0056477532098157205
GSM6102553_CTACAGAAGCACTCCG-1,1_benign_lesion,GSE179640,0.0056801750736172555
GSM6102563_ACATGCACAGTTCTAG-1,1_benign_lesion,GSE179640,0.005680927926312016
GSM6102565_AGGTCTATCTCGACGG-1,1_benign_lesion,GSE179640,0.005694972030619254
GSM6574537_GTGGCGTGTCCATACA-1,1_benign_lesion,GSE213216,0.005708121832205538
GSM6595254_AACAACCGTCACAGAG-1,1_benign_lesion,GSE179640,0.005764508945166435
GSM6102565_TCTGCCATCTCGCTCA-1,1_benign_lesion,GSE179640,0.005768745650860686
GSM6595254_TTTACGTGTCGAGTTT-1,1_benign_lesion,GSE179640,0.005780594890168645
GSM6102563_AAGCGTTCAAGTGCTT-1,1_benign_lesion,GSE179640,0.005795669086416997
GSM6574537_GAGGGTAAGCTATCCA-1,1_benign_lesion,GSE213216,0.005813137203554371
GSM6595254_CTGCCATTCCGAGTGC-1,1_benign_lesion,GSE179640,0.0059348338029174144
GSM6102563_TACTTGTTCGATCCCT-1,1_benign_lesion,GSE179640,0.005950441591451527
GSM6102565_GACTATGTCTCTTCAA-1,1_benign_lesion,GSE179640,0.00595266616428379
GSM6102563_TAACGACCAGGAATAT-1,1_benign_lesion,GSE179640,0.005963202132751214
GSM6102565_AGTACTGTCTTGTTAC-1,1_benign_lesion,GSE179640,0.00598697056182094
GSM6102565_GCCAGCAAGCCTCCAG-1,1_benign_lesion,GSE179640,0.006039580010477713
GSM6102565_GATTCTTAGGTTGACG-1,1_benign_lesion,GSE179640,0.006050844091480218
GSM6102563_CCCTTAGAGCGTCAAG-1,1_benign_lesion,GSE179640,0.006062541550605707
GSM6102565_TTTCAGTAGGGATCTG-1,1_benign_lesion,GSE179640,0.00607632974514531
GSM6102565_CCGGGTAAGACGTCCC-1,1_benign_lesion,GSE179640,0.006079271467448529
GSM6102563_AGATCGTAGCTCAGAG-1,1_benign_lesion,GSE179640,0.006084529034231107
GSM6102565_AGTAGTCCATACCAGT-1,1_benign_lesion,GSE179640,0.006124705274610142
GSM6102565_CGGAGAAGTCACTAGT-1,1_benign_lesion,GSE179640,0.006145161682956594
GSM6102565_CTACTATCAATCTAGC-1,1_benign_lesion,GSE179640,0.006190071711877274
GSM6102563_TCACGGGGTCACTAGT-1,1_benign_lesion,GSE179640,0.006191571651195964
GSM6102563_ATTCAGGCAAAGAGTT-1,1_benign_lesion,GSE179640,0.006223987963983696
GSM6102563_TGAATCGAGGCAGTCA-1,1_benign_lesion,GSE179640,0.006231679056971489
GSM6102563_CATGCCTTCGACCACG-1,1_benign_lesion,GSE179640,0.006265979467548819
GSM6102565_CCGTTCAGTACCTAAC-1,1_benign_lesion,GSE179640,0.00627317181154725
GSM6102565_CGGGCATTCATCACTT-1,1_benign_lesion,GSE179640,0.0063371729933474116
GSM6102565_CTGGCAGGTATTGGCT-1,1_benign_lesion,GSE179640,0.0063958103752975075
GSM6574526_AGACACTGTTTCCCAC-1,1_benign_lesion,GSE213216,0.006397450756300391
GSM6595253_GTTACGAAGTTCAACC-1,1_benign_lesion,GSE179640,0.006429729200870251
GSM6102565_CGTAAGTTCTCACGAA-1,1_benign_lesion,GSE179640,0.006483111434057956
GSM6102565_CGAAGTTGTCGCACAC-1,1_benign_lesion,GSE179640,0.006485576782950654
GSM6102563_AAGATAGGTTTGCAGT-1,1_benign_lesion,GSE179640,0.006545882644489536
GSM6102563_GGCTTTCCATCTATCT-1,1_benign_lesion,GSE179640,0.006548869105334068
GSM6102565_CACGGGTCACAAACGG-1,1_benign_lesion,GSE179640,0.006562462698454086
GSM6102565_TCACGCTTCTACAGGT-1,1_benign_lesion,GSE179640,0.006578034826530042
GSM6102565_CAAGGGAGTACCAATC-1,1_benign_lesion,GSE179640,0.006620645277753092
GSM6102565_CCTCATGCAAGTGTCT-1,1_benign_lesion,GSE179640,0.006629419483095132
GSM6102565_ACCACAAGTAATACCC-1,1_benign_lesion,GSE179640,0.006655729704672416
GSM6102563_CAGCAGCCAGTAGTGG-1,1_benign_lesion,GSE179640,0.006686798719419308
GSM6102565_CTCCGATGTTCCGCTT-1,1_benign_lesion,GSE179640,0.006729190242823465
GSM6595251_AGGCATTCAAGCAATA-1,1_benign_lesion,GSE179640,0.006740841268361089
GSM6102550_CTGTATTCAGTTGTTG-1,1_benign_lesion,GSE179640,0.006812328579809311
GSM6102565_GCTTCACGTCCGGATC-1,1_benign_lesion,GSE179640,0.006846412768001472
GSM6102565_AGGGAGTAGTCAGAGC-1,1_benign_lesion,GSE179640,0.00691341485128216
GSM6574524_AAGAACATCACCCTGT-1,1_benign_lesion,GSE213216,0.006953394742779872
GSM6102565_CATTCTATCGTTGTTT-1,1_benign_lesion,GSE179640,0.006979988410923528
GSM6102563_TAAGCGTTCAAGGTGG-1,1_benign_lesion,GSE179640,0.0069955281919649925
GSM6102565_GTAGATCCAAGGTCAG-1,1_benign_lesion,GSE179640,0.007000527684609495
GSM6102565_CTGCTCAAGTATCTGC-1,1_benign_lesion,GSE179640,0.0070023384170282916
GSM6102565_GTGAGCCGTTGTCATG-1,1_benign_lesion,GSE179640,0.007016858233439434
GSM6102565_TGCAGTACACAGTCAT-1,1_benign_lesion,GSE179640,0.007053841936711084
GSM6595253_ATCGTAGTCTGGACTA-1,1_benign_lesion,GSE179640,0.007063249450051704
GSM6102565_GGGCTCAAGTGCTAGG-1,1_benign_lesion,GSE179640,0.0070711235148310575
GSM6102565_AGGGTGACAATAGGGC-1,1_benign_lesion,GSE179640,0.007101235728860321
GSM6102565_TGGATGTGTCCAAGAG-1,1_benign_lesion,GSE179640,0.007108155220769498
GSM6102565_AGGAGGTGTCCGGTCA-1,1_benign_lesion,GSE179640,0.007118052656317393
GSM6102563_CGTCAAAAGGGCAATC-1,1_benign_lesion,GSE179640,0.007135398910049915
GSM6102563_ACCAAACTCCACGGGT-1,1_benign_lesion,GSE179640,0.007140684270556376
GSM6102565_TCAGTTTAGATGAATC-1,1_benign_lesion,GSE179640,0.0071709711323663505
GSM6102565_TAGGAGGAGCCTCCAG-1,1_benign_lesion,GSE179640,0.007172919438025043
GSM6102565_AACCTGAAGTTGAAAC-1,1_benign_lesion,GSE179640,0.007182196813614503
GSM6102565_GTCACGGGTTGTACGT-1,1_benign_lesion,GSE179640,0.0071917552710587685
GSM6595250_CATGCCTAGGCTCACC-1,1_benign_lesion,GSE179640,0.0072066745236970126
GSM6102563_AAGCGTTCAGCGTGAA-1,1_benign_lesion,GSE179640,0.007208506785316107
GSM6102565_CCCTGATAGCCGTTGC-1,1_benign_lesion,GSE179640,0.0072342830556773674
GSM6102563_CGGGTGTCATAGACTC-1,1_benign_lesion,GSE179640,0.007236481977270512
GSM6102565_GAAGTAACAACCACAT-1,1_benign_lesion,GSE179640,0.007237627186565927
GSM6102565_TCACACCAGCGACCCT-1,1_benign_lesion,GSE179640,0.007249866231654982
GSM6102565_TCATGGACAGCAGATG-1,1_benign_lesion,GSE179640,0.007284471508572101
GSM6595250_GCTCAAATCATTTACC-1,1_benign_lesion,GSE179640,0.007304588516285239
GSM6102565_TCCCACAGTTACCTTT-1,1_benign_lesion,GSE179640,0.007307083741902725
GSM6102565_AGGGTTTAGTTTGTCG-1,1_benign_lesion,GSE179640,0.0073484683358307
GSM6102563_TGTGTGATCCGATCTC-1,1_benign_lesion,GSE179640,0.007348577383469618
GSM6102565_TTCTCTCAGGATATAC-1,1_benign_lesion,GSE179640,0.0073879414277158075
GSM6574522_ACTGTGAGTCACTACA-1,1_benign_lesion,GSE213216,0.007390762096386316
GSM6574526_TTCACCGCAATCTCTT-1,1_benign_lesion,GSE213216,0.007403492333907442
GSM6102565_GCATCGGTCCCTCGTA-1,1_benign_lesion,GSE179640,0.007449815463955207
GSM6102565_ACGTAGTCATAATCGC-1,1_benign_lesion,GSE179640,0.007454057765477616
GSM6102565_GTGTTAGGTCATTCCC-1,1_benign_lesion,GSE179640,0.007464994311244365
GSM6102563_AGTCATGAGTAACAGT-1,1_benign_lesion,GSE179640,0.0074676965721771505
GSM6102563_CTATCTAAGATCCAAA-1,1_benign_lesion,GSE179640,0.00749954010888786
GSM6102565_AGAAGTAGTGTCTAAC-1,1_benign_lesion,GSE179640,0.007512047721464912
GSM6574526_AATGACCGTACGGATG-1,1_benign_lesion,GSE213216,0.007588403214400673
GSM6102565_GTGCGTGTCATGCCCT-1,1_benign_lesion,GSE179640,0.007595590543095587
GSM6574515_GACTGATAGAGTACCG-1,1_benign_lesion,GSE213216,0.007640621701159387
GSM6102565_ACATCGACAGGCGAAT-1,1_benign_lesion,GSE179640,0.00764743218193075
GSM6102565_GATCACATCCGTCCTA-1,1_benign_lesion,GSE179640,0.0076492891865159954
GSM6102565_TACTTGTAGCTTCATG-1,1_benign_lesion,GSE179640,0.0076623324120205635
GSM6102565_GACGTTAGTCGTCTCT-1,1_benign_lesion,GSE179640,0.007680568364840354
GSM6102565_TTCTAGTTCGATTGAC-1,1_benign_lesion,GSE179640,0.007726981820807704
GSM6574532_CGATCGGAGCCTAACT-1,1_benign_lesion,GSE213216,0.007742539218782429
GSM6102565_AGTCAACCAGCAGTTT-1,1_benign_lesion,GSE179640,0.007778737742123116
GSM6102563_AACCCAAGTGATACAA-1,1_benign_lesion,GSE179640,0.007786938572000356
GSM6102565_CTAGGTATCGGAAGGT-1,1_benign_lesion,GSE179640,0.007792545872776882
GSM6102565_CTGTGGGTCTTGTTAC-1,1_benign_lesion,GSE179640,0.007825520875323339
GSM6574524_CATAAGCTCCATACTT-1,1_benign_lesion,GSE213216,0.007829836542035177
GSM6102565_ACTATTCGTCGCTCGA-1,1_benign_lesion,GSE179640,0.007830635523621393
GSM6102565_CACTGAAAGAGTCAAT-1,1_benign_lesion,GSE179640,0.007838561956937405
GSM6102565_GCGAGAAGTGTTAACC-1,1_benign_lesion,GSE179640,0.007844137442337045
GSM6102563_AGCGCTGTCCCTCGTA-1,1_benign_lesion,GSE179640,0.007844964449090894
GSM6102563_CTCCTCCGTGAGACGT-1,1_benign_lesion,GSE179640,0.007862522868459884
GSM6102565_TCAGCCTCACGTCTCT-1,1_benign_lesion,GSE179640,0.007873948224563809
GSM6102565_CATGAGTGTTGGGACA-1,1_benign_lesion,GSE179640,0.007935377599154953
GSM6102565_GATCGTAGTATGGAAT-1,1_benign_lesion,GSE179640,0.00812506319209387
GSM6102565_TCACAAGAGTGCAACG-1,1_benign_lesion,GSE179640,0.00817553091857451
GSM6102565_AATCGACCACTGATTG-1,1_benign_lesion,GSE179640,0.008186406793005212
GSM6102565_GTGTAACCAGTTCACA-1,1_benign_lesion,GSE179640,0.008192112701082159
GSM6102565_CGTTCTGGTAACAGGC-1,1_benign_lesion,GSE179640,0.008199280263297148
GSM6102565_GCGTTTCAGACTACGG-1,1_benign_lesion,GSE179640,0.008211569288747998
GSM6102565_GTTCTATTCATGAGTC-1,1_benign_lesion,GSE179640,0.008244590113415193
GSM6102565_TTACTGTCACAGTGAG-1,1_benign_lesion,GSE179640,0.008252103921397805
GSM6102563_AGGACGAAGTTAGAAC-1,1_benign_lesion,GSE179640,0.008255029462894255
GSM6102565_TTCTTCCGTCCTCCTA-1,1_benign_lesion,GSE179640,0.008256014698549856
GSM6102565_TTCTTCCTCCTGGCTT-1,1_benign_lesion,GSE179640,0.008360709464660701
GSM6102565_CCACCATTCAAGTCGT-1,1_benign_lesion,GSE179640,0.0083672802428304
GSM6102565_ATCCACCTCGATTGAC-1,1_benign_lesion,GSE179640,0.008421504605699483
GSM6102565_CACGGGTAGGTCATTC-1,1_benign_lesion,GSE179640,0.008446930610351457
GSM6102565_GTCTGTCAGGTGATCG-1,1_benign_lesion,GSE179640,0.008453215717788742
GSM6102565_AAGCGTTTCTCCCTAG-1,1_benign_lesion,GSE179640,0.008474500668236462
GSM6102563_GTTGTGAAGGATGAGA-1,1_benign_lesion,GSE179640,0.008477744905502566
GSM6102565_CACATGACATGTCGTA-1,1_benign_lesion,GSE179640,0.00848687485200391
GSM6102565_TCATATCTCTCGCGTT-1,1_benign_lesion,GSE179640,0.00855068190719721
GSM6102565_AGAAATGGTGAATTGA-1,1_benign_lesion,GSE179640,0.008640618730686441
GSM6102565_AGTAGCTGTAGGCAAC-1,1_benign_lesion,GSE179640,0.00864193691142826
GSM6102565_CTTCAATCAGATAAAC-1,1_benign_lesion,GSE179640,0.008740221497856623
GSM6102565_ACCTGAATCGGAAACG-1,1_benign_lesion,GSE179640,0.00875826939822204
GSM6102565_TTCTAGTTCCACGTAA-1,1_benign_lesion,GSE179640,0.008765000575038364
GSM6102563_ACGTAACGTTGCTCGG-1,1_benign_lesion,GSE179640,0.00877525434044823
GSM6102565_CTCATGCAGGGAGGAC-1,1_benign_lesion,GSE179640,0.00878746397461309
GSM6102565_TACGTCCTCGTGTGGC-1,1_benign_lesion,GSE179640,0.008853356454731886
GSM6102565_CTGGTCTCAGCGTTTA-1,1_benign_lesion,GSE179640,0.008917759646756736
GSM6102565_AAGTTCGTCTTTGCTA-1,1_benign_lesion,GSE179640,0.008942246204897333
GSM6102565_CGGGTCAGTACCATAC-1,1_benign_lesion,GSE179640,0.008953182802700887
GSM6102565_AACACACAGAACCGCA-1,1_benign_lesion,GSE179640,0.00895414845143387
GSM6102565_TCATGAGGTAAGGTCG-1,1_benign_lesion,GSE179640,0.008974341696976435
GSM6102565_AACAAGAAGTAGATCA-1,1_benign_lesion,GSE179640,0.00897561119226142
GSM6102565_TGGAGGACAATGTTGC-1,1_benign_lesion,GSE179640,0.00897679106005187
GSM6102563_TGTCCCATCTTCGGAA-1,1_benign_lesion,GSE179640,0.00904918468611508
GSM6102565_CGAAGGAGTAAGAACT-1,1_benign_lesion,GSE179640,0.009131693992179342
GSM6102565_CGCCAGAAGAGTGACC-1,1_benign_lesion,GSE179640,0.00918054910636346
GSM6102565_CCTCCAAAGGGTTAGC-1,1_benign_lesion,GSE179640,0.009207650432920904
GSM6102565_CACGGGTCACTAAACC-1,1_benign_lesion,GSE179640,0.009214047844386137
GSM6102565_TTCCGTGGTATCAAGA-1,1_benign_lesion,GSE179640,0.009219301415354701
GSM6102565_ATCGGCGCAGCGCGTT-1,1_benign_lesion,GSE179640,0.009234176066145214
GSM6102565_AGGGAGTGTGGTCTTA-1,1_benign_lesion,GSE179640,0.009270415273035482
GSM6102565_CTGTGAATCTGTGCAA-1,1_benign_lesion,GSE179640,0.009314022891094934
GSM6595252_CAACCTCCAGATCCTA-1,1_benign_lesion,GSE179640,0.009390810634081757
GSM6102565_CGTCAAATCGAGTTGT-1,1_benign_lesion,GSE179640,0.009405349309569853
GSM6102565_CACGGGTAGTAGGATT-1,1_benign_lesion,GSE179640,0.009462160401368748
GSM6102565_TAGTGCAGTGACTAAA-1,1_benign_lesion,GSE179640,0.009475677809547372
GSM6102553_GTCCCATCACCTATCC-1,1_benign_lesion,GSE179640,0.009479028798917244
GSM6574537_CTGAGCGAGGTTGCCC-1,1_benign_lesion,GSE213216,0.00951274276965235
GSM6102565_TGGGAAGAGGATGCGT-1,1_benign_lesion,GSE179640,0.009555942580421237
GSM6102565_TAGGTACCAAGAATAC-1,1_benign_lesion,GSE179640,0.009667862817832796
GSM6102565_TCCACGTAGTGCGTCC-1,1_benign_lesion,GSE179640,0.009689313324103582
GSM6102565_GTAAGTCTCAAGTGGG-1,1_benign_lesion,GSE179640,0.009702404635292247
GSM6102553_CCCTTAGGTCTCGGGT-1,1_benign_lesion,GSE179640,0.009708599792394022
GSM6102565_AGACCATCACCGGCTA-1,1_benign_lesion,GSE179640,0.009720689939923342
GSM6102563_GCTGAATTCTGAGAGG-1,1_benign_lesion,GSE179640,0.009777121342138664
GSM6102565_CGGCAGTTCAATCGGT-1,1_benign_lesion,GSE179640,0.009801651373836784
GSM6102565_AGGTCATCAAGACGGT-1,1_benign_lesion,GSE179640,0.009812418169210902
GSM6102565_TCCGAAAGTCATCCGG-1,1_benign_lesion,GSE179640,0.009847647325598731
GSM6102565_TGTCCACCAGCAGTGA-1,1_benign_lesion,GSE179640,0.009851716603043468
GSM6574551_CTAACCCCACGACGCT-1,1_benign_lesion,GSE213216,0.009859263813730075
GSM6102565_GAGTTACCAGGTCAAG-1,1_benign_lesion,GSE179640,0.009877690562287107
GSM6102565_AGATCCATCGTTCTAT-1,1_benign_lesion,GSE179640,0.009878282616881737
GSM6574530_TGCATCCCAAACCATC-1,1_benign_lesion,GSE213216,0.009885411339987845
GSM6102565_AGCTCAAGTCCCTGTT-1,1_benign_lesion,GSE179640,0.009906875755249456
GSM6574526_CCTCCTCTCAGAATAG-1,1_benign_lesion,GSE213216,0.009915423776521647
GSM6102565_TGCTCGTCACTGCGTG-1,1_benign_lesion,GSE179640,0.009938494024682509
GSM6102565_TTTGACTAGCTCGACC-1,1_benign_lesion,GSE179640,0.009969456342058652
GSM6102565_GTTACCCCACGGCGTT-1,1_benign_lesion,GSE179640,0.010020358316730676
GSM6102565_GTCATGAAGAATCGCG-1,1_benign_lesion,GSE179640,0.010024705827250726
GSM6574553_GTTGCGGCAATACGCT-1,1_benign_lesion,GSE213216,0.010067275543951407
GSM6574523_TCATCATGTGATACAA-1,1_benign_lesion,GSE213216,0.010162821852469825
GSM6574537_ACGGTCGAGACTCTAC-1,1_benign_lesion,GSE213216,0.010207638960344994
GSM6102565_ACATTTCTCTGCGGGT-1,1_benign_lesion,GSE179640,0.010250996507312047
GSM6102563_AGTCAACGTAAGTTAG-1,1_benign_lesion,GSE179640,0.010252116696338626
GSM6574537_CTGCGAGCACTGAATC-1,1_benign_lesion,GSE213216,0.010296875362552017
GSM6102565_CTAGACAAGGCGCTCT-1,1_benign_lesion,GSE179640,0.010335951046375963
GSM6102565_GAAACCTAGGACATCG-1,1_benign_lesion,GSE179640,0.010372687634676185
GSM6102565_ATGAAAGGTAATACCC-1,1_benign_lesion,GSE179640,0.010410327820711274
GSM6102565_TGGGAGATCACCCTTG-1,1_benign_lesion,GSE179640,0.01041699826983239
GSM6102565_TGGGAGAAGCTGACTT-1,1_benign_lesion,GSE179640,0.010443439417878717
GSM6102565_GGGTATTGTGACCGTC-1,1_benign_lesion,GSE179640,0.010444929632312396
GSM6102565_AGAGCAGCATTGGGAG-1,1_benign_lesion,GSE179640,0.010524389845597157
GSM6102565_CCCTCAATCGATACGT-1,1_benign_lesion,GSE179640,0.010537060865726637
GSM6574524_GTAAGTCTCTATACGG-1,1_benign_lesion,GSE213216,0.010552416017074384
GSM6102565_CTGTACCCACTTCTCG-1,1_benign_lesion,GSE179640,0.01057835208813621
GSM6102565_CTGTGGGGTGGAGAAA-1,1_benign_lesion,GSE179640,0.010589141768980374
GSM6102565_CAAGAGGTCCAAACCA-1,1_benign_lesion,GSE179640,0.010592268297077625
GSM6102565_GTTCATTCAGGTTCGC-1,1_benign_lesion,GSE179640,0.010648670191379174
GSM6102565_GTCGTAACACAGCCAC-1,1_benign_lesion,GSE179640,0.010652775107477658
GSM6102565_CTACCCATCTCATGGA-1,1_benign_lesion,GSE179640,0.010673712422621209
GSM6102565_TCACGCTCAAGACGGT-1,1_benign_lesion,GSE179640,0.01073605463180833
GSM6102563_TTCTGTAGTGGATTTC-1,1_benign_lesion,GSE179640,0.010813034532845274
GSM6574537_GGCTTTCCAAATGGCG-1,1_benign_lesion,GSE213216,0.010851668396746878
GSM6102563_AGTACTGGTCGATTTG-1,1_benign_lesion,GSE179640,0.010862793653927833
GSM6102565_GAGTCATCAAACCGGA-1,1_benign_lesion,GSE179640,0.010922101923335188
GSM6102565_GTAGAGGTCGGTGCAC-1,1_benign_lesion,GSE179640,0.010929985877764808
GSM6102565_CGTGATACACGCCAGT-1,1_benign_lesion,GSE179640,0.010935229283086713
GSM6102565_TACGGGCGTTGGTAGG-1,1_benign_lesion,GSE179640,0.010950110643751105
GSM6102565_TAGGTACAGATACATG-1,1_benign_lesion,GSE179640,0.010987560721699817
GSM6102565_CAAGCTATCGTACCTC-1,1_benign_lesion,GSE179640,0.011016234879761591
GSM6574537_GCAACCGTCCCGTGTT-1,1_benign_lesion,GSE213216,0.011088187478190223
GSM6102565_TCGTGGGGTAGACGGT-1,1_benign_lesion,GSE179640,0.011160507563285595
GSM6102565_CTCCGATAGGGCAAGG-1,1_benign_lesion,GSE179640,0.011161640565271906
GSM6102565_CATAGACCAGGTGTGA-1,1_benign_lesion,GSE179640,0.011188112030678595
GSM6102565_CAATCGAGTGGTCTAT-1,1_benign_lesion,GSE179640,0.011193692407401331
GSM6595253_GTCAAACAGCTCACTA-1,1_benign_lesion,GSE179640,0.01124459257526498
GSM6102565_TTTATGCAGGTCCCTG-1,1_benign_lesion,GSE179640,0.011269832508351271
GSM6102565_CAAGCTAAGTACAGCG-1,1_benign_lesion,GSE179640,0.011342795493492186
GSM6102565_GTATTGGTCCTATTTG-1,1_benign_lesion,GSE179640,0.011342867493996576
GSM6102565_GACTCTCTCAGCTGTA-1,1_benign_lesion,GSE179640,0.011393988107934495
GSM6102563_ATTTACCCAGATACTC-1,1_benign_lesion,GSE179640,0.011478107357022264
GSM6574537_GGGACAAGTCCTACAA-1,1_benign_lesion,GSE213216,0.011535003761579614
GSM6102563_TGCGATATCGGCTGTG-1,1_benign_lesion,GSE179640,0.011555287495471085
GSM6574526_CTGCAGGTCCTCGATC-1,1_benign_lesion,GSE213216,0.011607967551246283
GSM6102565_GAAACCTCATCGGAAG-1,1_benign_lesion,GSE179640,0.011611393176955033
GSM6102565_TCCTTCTGTCAACATC-1,1_benign_lesion,GSE179640,0.011636151781016988
GSM6102565_AAGCCATGTCTTCGAA-1,1_benign_lesion,GSE179640,0.01172071343466565
GSM6595257_GTGCACGCATGAGAAT-1,1_benign_lesion,GSE179640,0.011771203399841078
GSM6102563_GTAGGAGAGAGTGACC-1,1_benign_lesion,GSE179640,0.011909236927733451
GSM6102565_TGCTTCGTCTTCGACC-1,1_benign_lesion,GSE179640,0.011913538831007979
GSM6102563_CAGGTATCAGTTCACA-1,1_benign_lesion,GSE179640,0.012306684571734628
GSM6102565_TTGCGTCCACGGCCAT-1,1_benign_lesion,GSE179640,0.012307276708464522
GSM6102565_TGAGCGCGTTCAAACC-1,1_benign_lesion,GSE179640,0.012435760896649828
GSM6574537_GCATCTCTCTAGGAAA-1,1_benign_lesion,GSE213216,0.012437750600088643
GSM6102565_CTCTGGTGTGATGTAA-1,1_benign_lesion,GSE179640,0.012442245686444201
GSM6102565_AACAAAGCACTAGGTT-1,1_benign_lesion,GSE179640,0.012504339039041672
GSM6102565_CTGCATCAGGCGTTGA-1,1_benign_lesion,GSE179640,0.012548129780896177
GSM6102565_TTTCATGAGCTGTTAC-1,1_benign_lesion,GSE179640,0.012575138162594427
GSM6102565_CCGTGAGAGACTCTAC-1,1_benign_lesion,GSE179640,0.012781359437359842
GSM6102565_GTGGGAACAGCATACT-1,1_benign_lesion,GSE179640,0.012868936239544647
GSM6102563_ACTGATGAGGTATCTC-1,1_benign_lesion,GSE179640,0.012945879796472751
GSM6102565_TGCATGAAGGCAGTCA-1,1_benign_lesion,GSE179640,0.01295451684998445
GSM6574522_CTGTGGGCATGGGATG-1,1_benign_lesion,GSE213216,0.013006387798875531
GSM6102563_CCTATCGAGAGCTGCA-1,1_benign_lesion,GSE179640,0.013021979590154947
GSM6574526_GGGACCTTCTAAACGC-1,1_benign_lesion,GSE213216,0.013229211265997865
GSM6102553_GGTGAAGAGCATTTGC-1,1_benign_lesion,GSE179640,0.013263444983973069
GSM6574526_AGCTCAACACGGTAGA-1,1_benign_lesion,GSE213216,0.013406218445797626
GSM6102565_CGGAGAACAGGGAATC-1,1_benign_lesion,GSE179640,0.01357902514036067
GSM6102565_CGATGCGAGTTGGAGC-1,1_benign_lesion,GSE179640,0.013623185704253688
GSM6102565_GACAGCCTCCACGGGT-1,1_benign_lesion,GSE179640,0.013699778299600207
GSM6574533_CCATCACTCCCAAGCG-1,1_benign_lesion,GSE213216,0.01372242860895477
GSM6574526_CCGGTAGTCAGGTAAA-1,1_benign_lesion,GSE213216,0.013769515916989581
GSM6102565_AAGCCATAGCAATTCC-1,1_benign_lesion,GSE179640,0.01381647433952167
GSM6574526_CGTGCTTCAGTATACC-1,1_benign_lesion,GSE213216,0.013935083529971868
GSM6574547_AGATCGTAGCGGGTTA-1,1_benign_lesion,GSE213216,0.014084853277293224
GSM6574526_TGGTGATGTACTCGAT-1,1_benign_lesion,GSE213216,0.014124597215578764
GSM6102565_CCTCCAATCTGCATGA-1,1_benign_lesion,GSE179640,0.014427426877035979
GSM6102565_GGGTAGATCGCAGTGC-1,1_benign_lesion,GSE179640,0.014560274711889481
GSM6574537_TCGGGTGAGGATTTCC-1,1_benign_lesion,GSE213216,0.01467869213638742
GSM6102565_GATAGAATCCTCAGAA-1,1_benign_lesion,GSE179640,0.01484083430321017
GSM6102565_CATTCATCATATACCG-1,1_benign_lesion,GSE179640,0.014896686909287157
GSM6102565_GCGTGCAAGGTAAACT-1,1_benign_lesion,GSE179640,0.015292000830171053
GSM6102565_GACTCTCGTACGATGG-1,1_benign_lesion,GSE179640,0.015323361924856806
GSM6102565_GCGATCGGTAAGACCG-1,1_benign_lesion,GSE179640,0.015332048204360928
GSM6102565_CGCGTGAAGTCGAGGT-1,1_benign_lesion,GSE179640,0.01538040932475845
GSM6102563_TTTCACACAAATTGCC-1,1_benign_lesion,GSE179640,0.01539049049897794
GSM6595256_TTGGTTTGTCCAGCAC-1,1_benign_lesion,GSE179640,0.015414781360201262
GSM6102565_ATCAGGTAGTCAGGGT-1,1_benign_lesion,GSE179640,0.01550768515345354
GSM6102565_ATGGATCCAAGTCCCG-1,1_benign_lesion,GSE179640,0.01599991028913349
GSM6574532_TTCGGTCAGACATCCT-1,1_benign_lesion,GSE213216,0.016097097650813564
GSM6574533_ACACTGATCCCATGGG-1,1_benign_lesion,GSE213216,0.01617207715849318
GSM6102565_CCTACGTGTGCTCGTG-1,1_benign_lesion,GSE179640,0.016366188466050875
GSM6574515_CTACGGGGTAGTATAG-1,1_benign_lesion,GSE213216,0.016583987981947004
GSM6102565_AACCTTTTCCCGAACG-1,1_benign_lesion,GSE179640,0.016922022837566587
GSM6102565_ACTGTGAGTACAACGG-1,1_benign_lesion,GSE179640,0.016952924825149537
GSM6102565_TACAACGGTCTCCTGT-1,1_benign_lesion,GSE179640,0.017081739701274166
GSM6102565_ATGTCTTAGGGCAGTT-1,1_benign_lesion,GSE179640,0.017508991372348855
GSM6574553_CTACCCACAGGCCCTA-1,1_benign_lesion,GSE213216,0.017918540720210163
GSM6574524_TCGCTCAGTCGAGCAA-1,1_benign_lesion,GSE213216,0.01828797233944234
GSM6595253_ACGTAACAGACTGAGC-1,1_benign_lesion,GSE179640,0.018511758364442524
GSM6595255_TTCCGTGAGACGACGT-1,1_benign_lesion,GSE179640,0.01907418476337349
GSM6595252_ACTGTGAAGACCAACG-1,1_benign_lesion,GSE179640,0.020612754178376786
GSM6574537_AGACAAAGTTTGATCG-1,1_benign_lesion,GSE213216,0.021901342107805668
GSM6595256_AGTGACTGTTTAGTCG-1,1_benign_lesion,GSE179640,0.022794575966993656
GSM6574526_TATATCCCATTCACCC-1,1_benign_lesion,GSE213216,0.023075077712476376
GSM6102565_TTACCATCACCTCTAC-1,1_benign_lesion,GSE179640,0.02374128406899506
GSM6574524_AAAGGATCAACTCGAT-1,1_benign_lesion,GSE213216,0.02564260292307147
GSM7019831_GCTACCTAGACTTAAG-1,2_malignant,GSE224334,0.007562535919519681
GSM7019831_TCCACCACATCCCGTT-1,2_malignant,GSE224334,0.007806664043463313
GSM7019833_TCCTTTCCAAGATGGC-1,2_malignant,GSE224334,0.008504410490305935
GSM7019824_TAACGACAGGTAGACC-1,2_malignant,GSE224333,0.008976241915166756
GSM7019824_GCATTAGTCAGCGCGT-1,2_malignant,GSE224333,0.009218028569614154
GSM7019822_AAACCCACAGTGCCTG-1,2_malignant,GSE224333,0.009436755640797502
GSM7019831_AGCTTCCGTTTCGCTC-1,2_malignant,GSE224334,0.00946791469158021
GSM7019831_TGTCCTGGTAACTGCT-1,2_malignant,GSE224334,0.009877344054547842
GSM7019822_GGAGAACGTAGTTACC-1,2_malignant,GSE224333,0.010994479702324114
GSM7019828_ATAGAGACAGGTTCGC-1,2_malignant,GSE224334,0.010995872377563418
GSM7019832_TTGAGTGGTTTGTGGT-1,2_malignant,GSE224334,0.011082836165778244
GSM7019824_CATTGTTCATTGAGGG-1,2_malignant,GSE224333,0.011119013855412703
GSM7019824_ACAGAAACATCTAACG-1,2_malignant,GSE224333,0.011429428765213754
GSM7019832_TTTGATCCAAGTGGGT-1,2_malignant,GSE224334,0.01150168638163523
GSM7019822_CACAGGCGTGAGGATC-1,2_malignant,GSE224333,0.011722474511359299
GSM7019824_GCCAGCATCGAGATAA-1,2_malignant,GSE224333,0.011780080258328492
GSM7019822_GATCATGAGATGGCGT-1,2_malignant,GSE224333,0.01178726319643669
GSM7019822_GTGTAACGTGGATGAC-1,2_malignant,GSE224333,0.011821574230684907
GSM7019822_TACTGCCCAAGACGGT-1,2_malignant,GSE224333,0.01186270161493778
GSM7019822_AGGATAAGTAGTTCCA-1,2_malignant,GSE224333,0.011948993428953992
GSM7019824_CATTGTTCATAGAGGC-1,2_malignant,GSE224333,0.01197601480826259
GSM7019824_ACCATTTTCATCCCGT-1,2_malignant,GSE224333,0.01204175945483859
GSM7019822_GCATCGGAGGATACAT-1,2_malignant,GSE224333,0.012224956206604923
GSM7019831_TCCCACAGTGCCTTTC-1,2_malignant,GSE224334,0.012231913219714825
GSM7019831_ATCGTGATCTTCGGAA-1,2_malignant,GSE224334,0.012913590922756714
GSM7019822_ACATCGATCGAAGAAT-1,2_malignant,GSE224333,0.012970834639032812
GSM7019831_CGAGTGCAGTCTCTGA-1,2_malignant,GSE224334,0.013411807687774991
GSM7019822_ATTTCTGCATATTCGG-1,2_malignant,GSE224333,0.01359726334313214
GSM7019831_AACAAAGGTCTCACGG-1,2_malignant,GSE224334,0.013677786463058372
GSM7019834_AATCACGAGATGCTAA-1,2_malignant,GSE224334,0.01383428396191256
GSM7019824_ATCGCCTGTAACCCGC-1,2_malignant,GSE224333,0.013894549942426823
GSM7019831_AGCTCAAAGACTCTTG-1,2_malignant,GSE224334,0.013953878512620846
GSM7019824_CGTCCATCACGACCTG-1,2_malignant,GSE224333,0.01397549789931559
GSM7019824_CCAATTTAGTCTCGTA-1,2_malignant,GSE224333,0.014166565909786601
GSM7019831_TTTACCAGTATGCGGA-1,2_malignant,GSE224334,0.01424061843192735
GSM7019831_ACTTCCGCATATTCGG-1,2_malignant,GSE224334,0.014343300372241824
GSM7019824_ACTTATCTCGTCCTCA-1,2_malignant,GSE224333,0.014493002284554652
GSM7019827_CGTGAATTCCTAAACG-1,2_malignant,GSE224334,0.014589107559760249
GSM7019828_CTCAGTCTCCCGAGGT-1,2_malignant,GSE224334,0.014830166011343637
GSM7019824_GCCTGTTAGCTAATCC-1,2_malignant,GSE224333,0.014843907726387648
GSM7019824_CCTATCGAGACGAGCT-1,2_malignant,GSE224333,0.014895345397409996
GSM7019832_TGCTCGTAGTAAAGCT-1,2_malignant,GSE224334,0.015177920406049636
GSM7019831_CATACAGTCCGCGAGT-1,2_malignant,GSE224334,0.015210716216285778
GSM7019831_CTGTATTAGTCGGCAA-1,2_malignant,GSE224334,0.015305654786039713
GSM7019831_GGAAGTGTCCAGCCTT-1,2_malignant,GSE224334,0.015407566023303851
GSM7019828_TCAGCCTAGTTACGGG-1,2_malignant,GSE224334,0.015625543521548955
GSM7019825_TAGACCAAGGCATGCA-1,2_malignant,GSE224334,0.015642675173563225
GSM7019828_TACGTCCCACATTACG-1,2_malignant,GSE224334,0.015659924202892635
GSM7019831_CATGAGTTCCTTACCG-1,2_malignant,GSE224334,0.01567277489282571
GSM7019831_ATGTCCCTCCTACAAG-1,2_malignant,GSE224334,0.015677991892925482
GSM7019831_TGGTAGTCACCACTGG-1,2_malignant,GSE224334,0.015848933991982096
GSM7019827_TATCCTAGTCCTACAA-1,2_malignant,GSE224334,0.015898930657097875
GSM7019832_TCAGTGAAGGTTCACT-1,2_malignant,GSE224334,0.015901885910933434
GSM7019826_GCTTGGGTCGCATTGA-1,2_malignant,GSE224334,0.016007363003859354
GSM7019828_CAATACGTCTGCGATA-1,2_malignant,GSE224334,0.016020717914112782
GSM7019826_CATGAGTAGTCATCGT-1,2_malignant,GSE224334,0.016059304134895588
GSM7019832_TCCACGTCAGCGATTT-1,2_malignant,GSE224334,0.016083850320305976
GSM7019831_TCGGGACAGGTGCTAG-1,2_malignant,GSE224334,0.016085311311107048
GSM7019834_AATGACCCAGCAGACA-1,2_malignant,GSE224334,0.016107530693781628
GSM7019830_AGCCACGAGCTCGACC-1,2_malignant,GSE224334,0.016115463554237933
GSM7019831_GTTACGACAGAACTCT-1,2_malignant,GSE224334,0.016137705533748162
GSM7019826_CAAGACTAGCTAGAGC-1,2_malignant,GSE224334,0.01619102827838339
GSM7019826_TTACGCCGTGCGGTAA-1,2_malignant,GSE224334,0.016195072684338174
GSM7019827_GGAGAACCAACCGGAA-1,2_malignant,GSE224334,0.016215974776800736
GSM7019832_CATGCCTTCGAGAGAC-1,2_malignant,GSE224334,0.016235252401828985
GSM7019827_CACTGTCTCCGTGGCA-1,2_malignant,GSE224334,0.016317279355862635
GSM7019828_TGTGGCGCAGGCTATT-1,2_malignant,GSE224334,0.016348897229612237
GSM7019834_AACGTCAAGTGCTAGG-1,2_malignant,GSE224334,0.016445981083612126
GSM7019831_TTTCGATTCGGCTGTG-1,2_malignant,GSE224334,0.01647597061136377
GSM7019824_TATCTGTGTACTGAGG-1,2_malignant,GSE224333,0.016496700328583483
GSM7019833_TCCATCGTCTCCTGTG-1,2_malignant,GSE224334,0.016589497719305568
GSM8834328_TCTGGGAACCTTTGAA-1,2_malignant,GSE291389,0.01672703019219522
GSM7019827_TTCCGTGCAGACAAAT-1,2_malignant,GSE224334,0.016869786781496258
GSM7019831_ACTATTCCAGCGAACA-1,2_malignant,GSE224334,0.016969886190678435
GSM7019827_ACTGTCCTCCTACCAC-1,2_malignant,GSE224334,0.01698596766207682
GSM7019826_CGTTCTGCACACTGGC-1,2_malignant,GSE224334,0.017003583073159884
GSM7019832_GTGCTGGAGGTCCCGT-1,2_malignant,GSE224334,0.01700928385585514
GSM7019825_ACCCAAAAGTGGACGT-1,2_malignant,GSE224334,0.017075468440419534
GSM7019826_CTCGAGGAGGTTCATC-1,2_malignant,GSE224334,0.0171271067388835
GSM7019832_GGAGATGCAAATGGCG-1,2_malignant,GSE224334,0.017141580482393677
GSM7019832_CGCGTGATCCAATGCA-1,2_malignant,GSE224334,0.017186190172635882
GSM7019833_TGTAAGCTCGCTATTT-1,2_malignant,GSE224334,0.01720219259034411
GSM7019833_TGAATGCAGTACAACA-1,2_malignant,GSE224334,0.017236559447358676
GSM7019826_CTAACCCGTTTGAAAG-1,2_malignant,GSE224334,0.01725724499867307
GSM7019832_CCGCAAGGTCACGTGC-1,2_malignant,GSE224334,0.0175137421910944
GSM7019826_GTGTGGCTCCACCTGT-1,2_malignant,GSE224334,0.017647710892974917
GSM7019826_CGGGACTTCCCATAAG-1,2_malignant,GSE224334,0.017707869154291452
GSM7019831_TGCAGTACACGATTCA-1,2_malignant,GSE224334,0.017754766245071107
GSM7019831_GAAGCGACAGTTTCGA-1,2_malignant,GSE224334,0.017834173455401014
GSM7019826_GGTGTCGGTTGACTGT-1,2_malignant,GSE224334,0.01784055061446364
GSM7019828_CTGCAGGTCAGCAATC-1,2_malignant,GSE224334,0.017843350080839992
GSM7019828_ACTTATCAGAGAATCT-1,2_malignant,GSE224334,0.01790345710703558
GSM7019831_AGGGAGTTCATACGAC-1,2_malignant,GSE224334,0.01795869179477832
GSM7019834_AGGTAGGCATTGGATC-1,2_malignant,GSE224334,0.018111494191984094
GSM7019825_TCTAACTGTGAATAAC-1,2_malignant,GSE224334,0.01815309208689832
GSM7019829_GTTCGCTGTAGCTGAG-1,2_malignant,GSE224334,0.018163355647840718
GSM7019825_TTTGACTGTGAGTGAC-1,2_malignant,GSE224334,0.018168760915229662
GSM7019834_CTTTCGGCACTGTCCT-1,2_malignant,GSE224334,0.018193938275062514
GSM7019824_TGCAGTAAGAAACACT-1,2_malignant,GSE224333,0.01819401976099549
GSM7019829_TGTTACTTCATCGCAA-1,2_malignant,GSE224334,0.01823117357144133
GSM7019825_TACGGGCGTATCCTCC-1,2_malignant,GSE224334,0.01826512663490576
GSM7019832_GCGTGCAGTTAGAGTA-1,2_malignant,GSE224334,0.018279931328781057
GSM7019829_GTTCTATAGATACAGT-1,2_malignant,GSE224334,0.01828146061067794
GSM7019825_TTTCACAGTGTTTCTT-1,2_malignant,GSE224334,0.018283054439706535
GSM7019828_TAACACGTCTGACAGT-1,2_malignant,GSE224334,0.018291307792944432
GSM7019822_GTACAGTGTTGCATGT-1,2_malignant,GSE224333,0.018402956308108644
GSM7019826_GGGATGATCGCGTCGA-1,2_malignant,GSE224334,0.01841367475124294
GSM7019834_TGTACAGGTAATCAAG-1,2_malignant,GSE224334,0.01844065124718954
GSM7019828_AGGGAGTAGTAACCGG-1,2_malignant,GSE224334,0.018460751316362472
GSM7019829_TGATCTTAGTATGGAT-1,2_malignant,GSE224334,0.01847593298061339
GSM7019829_TTGGTTTTCTCGCAGG-1,2_malignant,GSE224334,0.018478026360533112
GSM7019829_GTCATGAGTTGATCGT-1,2_malignant,GSE224334,0.018508215870152125
GSM7019834_GTCATCCTCAGTGTCA-1,2_malignant,GSE224334,0.018689106199472377
GSM7019833_ATTCATCAGATTGAGT-1,2_malignant,GSE224334,0.01869272146775246
GSM7019833_GGTTAACAGAGTCTTC-1,2_malignant,GSE224334,0.018708062754208374
GSM7019827_ACTTCGCGTACAGTAA-1,2_malignant,GSE224334,0.018807469571133738
GSM7019830_CATTCCGGTTGAGAGC-1,2_malignant,GSE224334,0.018827932287277974
GSM7019834_ATTCACTCAGGACAGT-1,2_malignant,GSE224334,0.01885293602702802
GSM7019830_ATCTCTACATCGGTTA-1,2_malignant,GSE224334,0.0188630435921893
GSM7019833_TTCCTCTTCGCTAATG-1,2_malignant,GSE224334,0.018881887657657095
GSM7019831_CCGTAGGGTTACGTAC-1,2_malignant,GSE224334,0.018889146483623317
GSM7019827_CAGATTGGTGAGTCAG-1,2_malignant,GSE224334,0.01890627152053714
GSM7019826_TCCCATGCACGAGGAT-1,2_malignant,GSE224334,0.01895811789802436
GSM7019826_GTTGTCCCATAGTCAC-1,2_malignant,GSE224334,0.01902787399271533
GSM7019833_AGGGTTTCAATCTAGC-1,2_malignant,GSE224334,0.019105626971378104
GSM7019832_TGTCCACTCGTCGATA-1,2_malignant,GSE224334,0.01917174810441157
GSM7019828_ATTCCTAGTAGGTACG-1,2_malignant,GSE224334,0.019214500685136866
GSM7019829_AGACACTAGCGACAGT-1,2_malignant,GSE224334,0.01921502705204085
GSM7019828_TCCTTTCCACAAATAG-1,2_malignant,GSE224334,0.019226349271301412
GSM7019824_TCATTTGAGGAATTAC-1,2_malignant,GSE224333,0.019319751326412136
GSM7019829_TATGTTCGTACCATAC-1,2_malignant,GSE224334,0.01934429846255365
GSM7019829_GAGACCCTCCACAAGT-1,2_malignant,GSE224334,0.01935345302263318
GSM7019829_CAGTTAGGTACAGTTC-1,2_malignant,GSE224334,0.019367308266506726
GSM7019831_GCCAACGTCTAGCCTC-1,2_malignant,GSE224334,0.019369525862739018
GSM7019834_TGAGGGACATTGACCA-1,2_malignant,GSE224334,0.019391295321804836
GSM7019829_TGTTCCGCAATAAGGT-1,2_malignant,GSE224334,0.01942518340305227
GSM7019825_AGTGATCCACTGGCGT-1,2_malignant,GSE224334,0.0194403488203072
GSM7019825_TTAGTCTGTGTGGTCC-1,2_malignant,GSE224334,0.01945920606781876
GSM7019824_TTGTGGACAATTCGTG-1,2_malignant,GSE224333,0.019475896846654076
GSM7019825_GGTGGCTCATCCGCGA-1,2_malignant,GSE224334,0.019499768536084254
GSM7019829_GAGCTGCAGTGCTACT-1,2_malignant,GSE224334,0.01952418226596686
GSM7019826_TGCATCCTCCCAGTGG-1,2_malignant,GSE224334,0.01954396795935809
GSM7019829_TCAATCTCATTGTCGA-1,2_malignant,GSE224334,0.019584332815101416
GSM7019828_ATCACTTAGTAAACAC-1,2_malignant,GSE224334,0.019618540936679526
GSM7019828_TCCTCTTTCTGCATGA-1,2_malignant,GSE224334,0.019639888318865224
GSM7019827_CATTGAGCAGCGGATA-1,2_malignant,GSE224334,0.01964307777403645
GSM7019832_CTCCTTTTCCACAGCG-1,2_malignant,GSE224334,0.019643216967975465
GSM7019831_TAAGTCGGTACAGAGC-1,2_malignant,GSE224334,0.01964438861799272
GSM7019825_AGGCTGCTCGGACCAC-1,2_malignant,GSE224334,0.019659218101412343
GSM7019826_CAGCAGCGTGTTAAAG-1,2_malignant,GSE224334,0.01966583174126087
GSM7019831_TACGGTAAGTAGACAT-1,2_malignant,GSE224334,0.01970738264279586
GSM7019833_ATCACGACAAGCGAGT-1,2_malignant,GSE224334,0.019744879259061245
GSM7019824_TGTGGCGAGTAGACAT-1,2_malignant,GSE224333,0.019749989472849748
GSM7019827_CATTGAGTCTCTGACC-1,2_malignant,GSE224334,0.019817898975169345
GSM7019832_CAGTGCGGTTCACCGG-1,2_malignant,GSE224334,0.019864464734840152
GSM7019826_TCAGGTATCTAAGCCA-1,2_malignant,GSE224334,0.019914920294175006
GSM7019830_TAACTTCGTCTCAGAT-1,2_malignant,GSE224334,0.019950804563094757
GSM7019834_TCAGTGAGTACAGAGC-1,2_malignant,GSE224334,0.019959608396203272
GSM7019828_AACCTGATCGCTGTCT-1,2_malignant,GSE224334,0.01998411314294429
GSM7019831_CGGACACCACACCTAA-1,2_malignant,GSE224334,0.020031471445118704
GSM7019827_CCAAGCGTCCCTCTCC-1,2_malignant,GSE224334,0.020047956025146762
GSM7019832_CATCAAGCAAAGTGTA-1,2_malignant,GSE224334,0.020221870350914443
GSM7019832_CTTCGGTTCGGATAAA-1,2_malignant,GSE224334,0.02022228981570648
GSM7019828_TGCGGGTAGCACTCTA-1,2_malignant,GSE224334,0.020256257963716624
GSM7019833_AAGCGTTCAACCGGAA-1,2_malignant,GSE224334,0.020272566615464283
GSM7019830_TCACTATCAAGCGAGT-1,2_malignant,GSE224334,0.020302194966829203
GSM7019825_GAGTGAGGTACGATGG-1,2_malignant,GSE224334,0.020312518809888828
GSM7019832_CATCCGTTCTCATGGA-1,2_malignant,GSE224334,0.02035707835825659
GSM7019830_TCATCCGAGGTCGTGA-1,2_malignant,GSE224334,0.020369781177043907
GSM7019832_CAATCGACAGTTTCAG-1,2_malignant,GSE224334,0.020370451500239996
GSM7019834_TCAATCTGTGAGCCAA-1,2_malignant,GSE224334,0.020383780364581935
GSM7019829_GTAGATCCATCAACCA-1,2_malignant,GSE224334,0.020395897130842933
GSM7019825_CCGATCTTCGGCTGGT-1,2_malignant,GSE224334,0.020410167680015537
GSM7019825_TAGACCATCTTGCGCT-1,2_malignant,GSE224334,0.020430163699975988
GSM7019833_GTAACACCAGAGTCAG-1,2_malignant,GSE224334,0.020437224188696194
GSM7019830_AGAGAATAGTGATAGT-1,2_malignant,GSE224334,0.020463184484029187
GSM7019832_GAGATGGCACGCGCTA-1,2_malignant,GSE224334,0.02051313818725717
GSM7019829_CTCCAACAGCTAAGTA-1,2_malignant,GSE224334,0.020584185642784303
GSM7019833_TCAAGACAGATCGCCC-1,2_malignant,GSE224334,0.02060906845983089
GSM7019832_GCTTTCGTCGCCTCTA-1,2_malignant,GSE224334,0.020640656121265838
GSM7019825_GATCAGTGTAGAGTTA-1,2_malignant,GSE224334,0.02068719441373835
GSM7019826_CAGCAATAGAGTAACT-1,2_malignant,GSE224334,0.020732014792443968
GSM7019834_GATGAGGAGAATCGCG-1,2_malignant,GSE224334,0.02075963310292709
GSM7019831_AGTGTTGGTTCTTCAT-1,2_malignant,GSE224334,0.020761916185945098
GSM7019826_TGGGCGTAGAGGTTAT-1,2_malignant,GSE224334,0.02082037477293245
GSM7019832_TAAGCGTTCAATCGGT-1,2_malignant,GSE224334,0.02083827224749387
GSM7019829_AGTGACTAGGTAAGGA-1,2_malignant,GSE224334,0.020888300797372902
GSM7019827_GTCATCCTCGTTCATT-1,2_malignant,GSE224334,0.020896853585881895
GSM7019827_CTGAATGCAGCTGTAT-1,2_malignant,GSE224334,0.020993478582075745
GSM7019825_AGGGTCCTCTCAGAAC-1,2_malignant,GSE224334,0.020997017830244248
GSM7019827_GAGTTACTCCCATAGA-1,2_malignant,GSE224334,0.0211054843823798
GSM7019832_AATGCCACAAATTGCC-1,2_malignant,GSE224334,0.02115024454027869
GSM7019834_CCTAACCGTGCCTATA-1,2_malignant,GSE224334,0.021225697055977724
GSM7019832_CCTTGTGCAGAACTCT-1,2_malignant,GSE224334,0.02122685468638359
GSM7019829_TCGTGCTCAACTGCTA-1,2_malignant,GSE224334,0.021237969883954128
GSM7019830_TAATCTCAGTAATACG-1,2_malignant,GSE224334,0.021264646848468873
GSM7019826_GAAACCTAGTGTAGTA-1,2_malignant,GSE224334,0.02126528232091225
GSM7019828_CGAAGGAAGATGGCGT-1,2_malignant,GSE224334,0.0212814639639087
GSM7019834_TGCAGTATCGACCACG-1,2_malignant,GSE224334,0.02130149252592309
GSM7019832_AGCGATTAGACGATAT-1,2_malignant,GSE224334,0.02133845034143686
GSM7019827_GTTATGGTCATAGGCT-1,2_malignant,GSE224334,0.02135271416586973
GSM7019829_TTGTGTTTCGTCACCT-1,2_malignant,GSE224334,0.02135489753779485
GSM7019832_CATTTCACATGTCAGT-1,2_malignant,GSE224334,0.021372527360915144
GSM7019834_TAGTGCATCCTCATAT-1,2_malignant,GSE224334,0.02144896236333309
GSM7019833_GATTGGTTCTCGCGTT-1,2_malignant,GSE224334,0.021470836558469687
GSM7019826_AGTAACCCACTAGAGG-1,2_malignant,GSE224334,0.02149048546769573
GSM7019829_CTCAGAAAGGCGCTCT-1,2_malignant,GSE224334,0.021544053512332854
GSM7019832_AGAAGTAGTCGGAAAC-1,2_malignant,GSE224334,0.02156098963483562
GSM7019829_TTGCATTGTACGTTCA-1,2_malignant,GSE224334,0.02162418172678937
GSM7019833_GTGCGTGCAAGCGGAT-1,2_malignant,GSE224334,0.021639807215116758
GSM7019826_CGTCAAAGTCGAGCTC-1,2_malignant,GSE224334,0.021640212541720102
GSM7019829_GGAATCTAGTCCCGAC-1,2_malignant,GSE224334,0.021653773809952738
GSM7019832_ATATCCTGTTTCGTTT-1,2_malignant,GSE224334,0.021665661815014038
GSM7019832_AAACCCAGTGAGTAGC-1,2_malignant,GSE224334,0.021679067061924222
GSM7019834_GTCCTCAAGGCCTGAA-1,2_malignant,GSE224334,0.0216855850417926
GSM7019830_CCACACTGTCCAAATC-1,2_malignant,GSE224334,0.02170935437487566
GSM7019829_GCAACCGCAATGAACA-1,2_malignant,GSE224334,0.021710092489843916
GSM7019830_GATGGAGGTCAACGCC-1,2_malignant,GSE224334,0.021728875198661016
GSM7019825_TATCAGGTCGCTGTTC-1,2_malignant,GSE224334,0.02173750775760609
GSM7019829_CCGGTAGTCTGTCGTC-1,2_malignant,GSE224334,0.021749734142210507
GSM7019833_TCTACATGTAACTAAG-1,2_malignant,GSE224334,0.02179972757878145
GSM7019832_TCGGGACAGCGTTAGG-1,2_malignant,GSE224334,0.02181938203659216
GSM7019827_AGGTCATTCACCTACC-1,2_malignant,GSE224334,0.021842422756138243
GSM7019833_GAAGCCCAGGCTAACG-1,2_malignant,GSE224334,0.021916042632684585
GSM7019832_CTCAACCGTTACGTAC-1,2_malignant,GSE224334,0.021918807194593753
GSM7019831_TCTCAGCAGCAATTAG-1,2_malignant,GSE224334,0.02197176749570085
GSM7019828_AATGCCATCCATTTAC-1,2_malignant,GSE224334,0.022002625673049694
GSM7019829_TCCGAAATCTTTGATC-1,2_malignant,GSE224334,0.02200439780322491
GSM7019826_GAGAGGTTCCGTGGTG-1,2_malignant,GSE224334,0.022005335199855997
GSM7019832_CGTCCATCAGTCAACT-1,2_malignant,GSE224334,0.022033550010870536
GSM7019829_TTCAGGATCTGAGAAA-1,2_malignant,GSE224334,0.02208441339101978
GSM7019831_CAACGGCGTACGTGAG-1,2_malignant,GSE224334,0.02216262747184887
GSM7019831_CTGAGGCCAAACCACT-1,2_malignant,GSE224334,0.022195655992613833
GSM7019834_TGGATGTGTGCATGAG-1,2_malignant,GSE224334,0.02222581988373431
GSM7019826_GAGGGATTCACTTCTA-1,2_malignant,GSE224334,0.022230153993445165
GSM7019834_GGGTATTGTGCAATAA-1,2_malignant,GSE224334,0.02232258717551901
GSM7019831_CACCAAATCTAGGCAT-1,2_malignant,GSE224334,0.022334553041693767
GSM7019826_GACCCAGCAGAGAGGG-1,2_malignant,GSE224334,0.02233560679291489
GSM7019831_TTCCAATTCCGTGACG-1,2_malignant,GSE224334,0.022401146901030983
GSM7019829_AACGTCAAGAAGCTGC-1,2_malignant,GSE224334,0.02244714515509622
GSM7019826_GGAATGGCAGCTCGGT-1,2_malignant,GSE224334,0.022531895690919925
GSM7019830_ACAACCACACCAAAGG-1,2_malignant,GSE224334,0.02254113008872557
GSM7019825_AGCCACGAGGAGATAG-1,2_malignant,GSE224334,0.022552953959292146
GSM7019829_TACTTGTGTACCCAGC-1,2_malignant,GSE224334,0.022620484596195575
GSM7019832_GAAGCCCAGCGGTAGT-1,2_malignant,GSE224334,0.022675545689620907
GSM7019829_GATGTTGGTACTGAGG-1,2_malignant,GSE224334,0.022725964915881514
GSM7019833_TTACCATTCAAACTGC-1,2_malignant,GSE224334,0.02272670179115408
GSM7019826_AATGAAGAGGCATCGA-1,2_malignant,GSE224334,0.022734846267729068
GSM7019829_GGCTTGGAGAATCGAT-1,2_malignant,GSE224334,0.022736861412048597
GSM7019827_ACAACCACAGAGGCAT-1,2_malignant,GSE224334,0.022766415972284352
GSM7019825_ACCAAACTCATTGCTT-1,2_malignant,GSE224334,0.022809647227477952
GSM7019826_CGCGTGACAACCGGAA-1,2_malignant,GSE224334,0.022840784933321638
GSM7019829_ACGTACATCTCGCGTT-1,2_malignant,GSE224334,0.02287581861929634
GSM7019827_TCTATCACACCGTCTT-1,2_malignant,GSE224334,0.022925081955996907
GSM7019834_GTGGAAGCAAGGCGTA-1,2_malignant,GSE224334,0.022949711829913295
GSM7019829_TCATGCCTCAGGGATG-1,2_malignant,GSE224334,0.022957447395506737
GSM7019830_TGTCCACTCCTGGGTG-1,2_malignant,GSE224334,0.022967899325374776
GSM7019832_TGTGAGTCAGCTTCCT-1,2_malignant,GSE224334,0.023027354313496756
GSM7019828_CTTACCGCACATACGT-1,2_malignant,GSE224334,0.023035962098001062
GSM7019826_CCACTTGGTCGAATGG-1,2_malignant,GSE224334,0.023196463578785836
GSM7019834_CCAAGCGCACCAGCCA-1,2_malignant,GSE224334,0.023281806885250864
GSM7019832_GAGTTTGGTTTGCAGT-1,2_malignant,GSE224334,0.023324949208507775
GSM7019830_TCTCTGGAGTATAGGT-1,2_malignant,GSE224334,0.023350688287292153
GSM7019825_CAGCAGCTCACCTACC-1,2_malignant,GSE224334,0.023367003207501215
GSM7019827_CAACAGTGTCTCGCGA-1,2_malignant,GSE224334,0.023381392135991923
GSM7019832_CTCCACAGTAAGCGGT-1,2_malignant,GSE224334,0.023396203464808533
GSM7019833_AATGGAAAGCGGACAT-1,2_malignant,GSE224334,0.02339833944531539
GSM7019834_ACTTATCGTTCGCGTG-1,2_malignant,GSE224334,0.023412496764742306
GSM7019828_AGGTCATGTCACGACC-1,2_malignant,GSE224334,0.02347492934888852
GSM7019832_GTCACGGTCACCTTGC-1,2_malignant,GSE224334,0.023479647198286012
GSM7019834_CAACGATGTACGTGTT-1,2_malignant,GSE224334,0.023510928956844333
GSM7019826_TAATTCCTCCAATCCC-1,2_malignant,GSE224334,0.023521893177549765
GSM7019825_TTTAGTCCACCCAACG-1,2_malignant,GSE224334,0.023556520596681525
GSM7019829_CCGGGTAGTAAGGCCA-1,2_malignant,GSE224334,0.02360282005411519
GSM7019828_TGTGTGACATCTTAGG-1,2_malignant,GSE224334,0.02364209356320321
GSM7019828_CCGCAAGGTCTAACTG-1,2_malignant,GSE224334,0.02367224390504422
GSM7019834_TTCGCTGCACATGTTG-1,2_malignant,GSE224334,0.023686517180134738
GSM7019831_CCACTTGCAGATTAAG-1,2_malignant,GSE224334,0.02373887456490162
GSM7019833_GGGCTCAAGGTAGCAC-1,2_malignant,GSE224334,0.023753252593247464
GSM7019826_TGTCCACAGTAGTCCT-1,2_malignant,GSE224334,0.02377868490130754
GSM7019830_GTGTAACCAGGGAGAG-1,2_malignant,GSE224334,0.023797615072891767
GSM7019831_GAGTTGTCATCAGTCA-1,2_malignant,GSE224334,0.0239441970543883
GSM7019834_TTTACCAAGACCAGAC-1,2_malignant,GSE224334,0.023958693167081352
GSM7019834_ACTTCCGCATTCATCT-1,2_malignant,GSE224334,0.023987208441948456
GSM7019834_TCAGGGCGTATTCCGA-1,2_malignant,GSE224334,0.024022499961245065
GSM7019830_GCCGATGCACAGGATG-1,2_malignant,GSE224334,0.02402565839383043
GSM7019832_CGTTCTGTCTTCTGTA-1,2_malignant,GSE224334,0.024107504283710772
GSM7019829_TAAGTCGCAGTGACCC-1,2_malignant,GSE224334,0.024135417188627765
GSM7019831_CCACACTAGCTGCCAC-1,2_malignant,GSE224334,0.02420222808804052
GSM7019830_CCTCAACCACATTCGA-1,2_malignant,GSE224334,0.02421056324392663
GSM7019830_AGATCGTGTGTCCGTG-1,2_malignant,GSE224334,0.024211726914583332
GSM7019832_GTAGATCCAGGACATG-1,2_malignant,GSE224334,0.024214499632770163
GSM7019832_GGCAGTCCAAGGTACG-1,2_malignant,GSE224334,0.024235848953999613
GSM7019829_TTCCGGTAGCTGCCTG-1,2_malignant,GSE224334,0.024294997070561257
GSM7019833_TGCTCCACAAACCATC-1,2_malignant,GSE224334,0.024304558049209668
GSM7019834_CAGCGTGTCTCGCAGG-1,2_malignant,GSE224334,0.024397058787556658
GSM7019829_TCTGGCTTCAAGTCGT-1,2_malignant,GSE224334,0.02441447098050769
GSM7019828_ACCCTTGCATTGAGGG-1,2_malignant,GSE224334,0.024464170910990207
GSM7019829_AGGTCATTCGCATTAG-1,2_malignant,GSE224334,0.024486228708931225
GSM7019826_GTAGGAGTCGAACGCC-1,2_malignant,GSE224334,0.024540785812728297
GSM7019829_TGATTCTAGCGTTAGG-1,2_malignant,GSE224334,0.024544135963468612
GSM7019830_GATAGAACATTCCTCG-1,2_malignant,GSE224334,0.0246335971820711
GSM7019827_AACTTCTGTGGGTCAA-1,2_malignant,GSE224334,0.02464226016023616
GSM7019830_CACGTTCAGCAACAGC-1,2_malignant,GSE224334,0.02470282272257365
GSM7019831_TCGGATAAGGTAAAGG-1,2_malignant,GSE224334,0.02474448466699747
GSM7019829_CCCGAAGAGCCTGAGA-1,2_malignant,GSE224334,0.024750984321937872
GSM7019834_TGCAGTATCAGTAGGG-1,2_malignant,GSE224334,0.024869064415583616
GSM7019829_TCTAACTCAACCGATT-1,2_malignant,GSE224334,0.024956630188059742
GSM7019830_AACCACAGTGGATCAG-1,2_malignant,GSE224334,0.025007281778074302
GSM7019829_TGATCAGGTTAGGCTT-1,2_malignant,GSE224334,0.025025815008676396
GSM7019829_GGGACTCTCCGGCAAC-1,2_malignant,GSE224334,0.025036079247572878
GSM7019832_CAAGGGAAGTCCCAAT-1,2_malignant,GSE224334,0.025067008968209358
GSM7019830_ACACCAAAGTGCACAG-1,2_malignant,GSE224334,0.025096294836520372
GSM7019828_GCCGATGAGTCTGGAG-1,2_malignant,GSE224334,0.025144191362055462
GSM7019830_AACAAAGTCAGCTCTC-1,2_malignant,GSE224334,0.025159441960786375
GSM7019826_CTGAATGAGTTACGAA-1,2_malignant,GSE224334,0.02519171623610095
GSM7019831_TCATCCGTCGTCGGGT-1,2_malignant,GSE224334,0.025198631605902633
GSM7019833_GCGTTTCCACTCCTGT-1,2_malignant,GSE224334,0.025362522642457037
GSM7019828_TCACACCCAATAACGA-1,2_malignant,GSE224334,0.025412063816695047
GSM7019830_CCGTAGGTCCACGAAT-1,2_malignant,GSE224334,0.025442197267316207
GSM7019833_CCTAACCTCTGTGCGG-1,2_malignant,GSE224334,0.02550649191219716
GSM7019830_TCATTGTTCACCTGGG-1,2_malignant,GSE224334,0.025595592709746293
GSM7019832_CATGCAATCTTCGATT-1,2_malignant,GSE224334,0.025756580893100164
GSM7019830_GAGCCTGTCAGTCAGT-1,2_malignant,GSE224334,0.025872249719886924
GSM7019830_CAAGAGGAGTCCCGAC-1,2_malignant,GSE224334,0.025888541702414166
GSM7019832_AGTGATCGTAGAAACT-1,2_malignant,GSE224334,0.025989044313983408
GSM7019830_ATGGGTTTCACTGATG-1,2_malignant,GSE224334,0.02602835728774962
GSM7019825_CATGGATCAACGACAG-1,2_malignant,GSE224334,0.026052433334843365
GSM7019833_CACATGACAACTGGTT-1,2_malignant,GSE224334,0.02607277517394533
GSM7019832_AAAGGGCAGACTCATC-1,2_malignant,GSE224334,0.026075539208296798
GSM7019833_CTGGTCTTCGTGGGTC-1,2_malignant,GSE224334,0.026091963147546977
GSM7019829_ATGCCTCAGATCCCGC-1,2_malignant,GSE224334,0.02613456703054164
GSM7019829_CTCAGGGTCTTCCCGA-1,2_malignant,GSE224334,0.026165440316178554
GSM7019830_AGCCAATGTAGGAGGG-1,2_malignant,GSE224334,0.026184557281307117
GSM7019831_CCTACGTCAGCACAAG-1,2_malignant,GSE224334,0.02624128863957174
GSM7019825_CGCATAATCGGCACTG-1,2_malignant,GSE224334,0.02624212706901667
GSM7019829_GATGAGGGTTGGTACT-1,2_malignant,GSE224334,0.026251943839912386
GSM7019830_GAGGCAAGTGCCAAGA-1,2_malignant,GSE224334,0.02636334093607212
GSM7019825_TCATCATGTTCGGCTG-1,2_malignant,GSE224334,0.02645370239479675
GSM7019830_TACACCCAGCTGAAAT-1,2_malignant,GSE224334,0.026477732861869614
GSM7019826_AACCATGCAACCAGAG-1,2_malignant,GSE224334,0.026519984208831608
GSM7019828_CTCAGTCAGGATCATA-1,2_malignant,GSE224334,0.026541717804764636
GSM7019833_CTCAAGACAACGAGGT-1,2_malignant,GSE224334,0.026542238420239995
GSM7019829_CGGGACTTCCTCGCAT-1,2_malignant,GSE224334,0.026595895829729235
GSM7019827_CATCCGTCAATCGCCG-1,2_malignant,GSE224334,0.02662278514063543
GSM7019826_GCACATAGTTACCCTC-1,2_malignant,GSE224334,0.026633353494854784
GSM7019828_AAAGAACAGCCTGGAA-1,2_malignant,GSE224334,0.026788669871730984
GSM7019830_TACACCCCAAGACGGT-1,2_malignant,GSE224334,0.026885911758971884
GSM7019828_GTGGGAATCCAGCAAT-1,2_malignant,GSE224334,0.02698285016316447
GSM7019828_GGAATCTGTTAGAAAC-1,2_malignant,GSE224334,0.026991946749684012
GSM7019833_CGCATGGGTAGTATAG-1,2_malignant,GSE224334,0.027068734438911696
GSM7019831_TCTCCGATCTGTTCAT-1,2_malignant,GSE224334,0.02707209528090347
GSM7019833_TCACATTTCTACGCAA-1,2_malignant,GSE224334,0.027112672872759154
GSM7019832_TCTTTGAAGATAACGT-1,2_malignant,GSE224334,0.027182477097692392
GSM7019830_GAGGCCTCATGCCGGT-1,2_malignant,GSE224334,0.027199849868382912
GSM7019829_TGAGGTTTCGCTCTCA-1,2_malignant,GSE224334,0.027240484402359138
GSM7019830_GACTTCCAGGTAAACT-1,2_malignant,GSE224334,0.02726365931069531
GSM7019833_ATGACCAAGAAGTCCG-1,2_malignant,GSE224334,0.02737430761532946
GSM7019825_ACCAACATCCCAGGCA-1,2_malignant,GSE224334,0.027428086296223238
GSM7019830_TACTTACGTTGCTTGA-1,2_malignant,GSE224334,0.027428523675079985
GSM7019827_AACCACAGTACCTTCC-1,2_malignant,GSE224334,0.02751526018958791
GSM7019830_GTTTGGAAGGGTACGT-1,2_malignant,GSE224334,0.02756899431383785
GSM7019829_CTATAGGGTTTCGTGA-1,2_malignant,GSE224334,0.027688941385211434
GSM7019833_GTAACACGTACACGTT-1,2_malignant,GSE224334,0.027752930892341748
GSM7019832_CAAGCTATCCCTCTTT-1,2_malignant,GSE224334,0.027780565275751328
GSM7019833_CTCCAACGTTCCAGGC-1,2_malignant,GSE224334,0.02784492278463219
GSM7019827_CATCCCATCTTCCACG-1,2_malignant,GSE224334,0.027894942865312623
GSM7019829_GAAGTAATCTAGTGTG-1,2_malignant,GSE224334,0.02790061204748883
GSM7019829_GTCGAATAGTACCGGA-1,2_malignant,GSE224334,0.027959953970809512
GSM7019833_GTTGTGATCGACGACC-1,2_malignant,GSE224334,0.02819919636615495
GSM7019831_GGGACAATCCGCTTAC-1,2_malignant,GSE224334,0.028203998412802626
GSM7019828_TATTCCAGTCAACCTA-1,2_malignant,GSE224334,0.028238119439760952
GSM7019834_TGTCAGATCCAGCTCT-1,2_malignant,GSE224334,0.028266287187067838
GSM7019830_TGCATGAGTTCGGCCA-1,2_malignant,GSE224334,0.028297500623002965
GSM7019826_CGAATTGAGGTCACTT-1,2_malignant,GSE224334,0.02843865948309244
GSM7019832_GACATCACATGAAGGC-1,2_malignant,GSE224334,0.028535871585541137
GSM7019829_GTGTAACGTGACACAG-1,2_malignant,GSE224334,0.028821903586000425
GSM7019830_GGACGTCGTTTCGATG-1,2_malignant,GSE224334,0.02916398192287411
GSM7019831_GACTTCCAGAGATTCA-1,2_malignant,GSE224334,0.029337001633838896
GSM7019828_CTATCCGCACTCAAGT-1,2_malignant,GSE224334,0.029379183226801688
GSM7019833_TGCAGGCCACGTCGTG-1,2_malignant,GSE224334,0.029668237527588657
GSM7019830_CAGCAATGTAGTGATA-1,2_malignant,GSE224334,0.029713944887195132
GSM7019830_AGGTTACAGAGGTCGT-1,2_malignant,GSE224334,0.029791325741597003
GSM7019830_GTCCACTTCGATCCCT-1,2_malignant,GSE224334,0.02982752159825679
GSM7019828_ACGTTCCAGATGCAGC-1,2_malignant,GSE224334,0.02983411112088053
GSM7019828_CTCCCTCCAAACGGCA-1,2_malignant,GSE224334,0.03004824233234176
GSM7019829_CCTCCAACATTCCTAT-1,2_malignant,GSE224334,0.030107756360897037
GSM7019828_ACTTAGGCACGTACTA-1,2_malignant,GSE224334,0.030134880966966284
GSM7019829_GAGATGGCATGTAACC-1,2_malignant,GSE224334,0.030143915656105635
GSM7019831_TATACCTCAGTATACC-1,2_malignant,GSE224334,0.030451380090617534
GSM7019825_ACTGTGATCCCTTCCC-1,2_malignant,GSE224334,0.03047093213168018
GSM7019833_GTGTTCCAGAGCTTTC-1,2_malignant,GSE224334,0.030686626229808802
GSM7019828_AAGTTCGCACCGTGAC-1,2_malignant,GSE224334,0.03099284571787984
GSM7019827_GGCTTGGTCAGCCTTC-1,2_malignant,GSE224334,0.032537445130215815
GSM7019834_GACCCAGTCACCTTGC-1,2_malignant,GSE224334,0.03259604282677871
GSM7019829_CGTAAGTAGCATGCAG-1,2_malignant,GSE224334,0.03479056511039364
GSM7019825_AAGATAGGTGTTAACC-1,2_malignant,GSE224334,0.035692604513914504
GSM7019829_GAGGGTAGTGAGAGGG-1,2_malignant,GSE224334,0.035885493931787665
GSM7019829_CTCAGTCAGCCGTCGT-1,2_malignant,GSE224334,0.03656462952586028
GSM7019830_AGGTTGTTCAAGGCTT-1,2_malignant,GSE224334,0.03922649077576195
