gsm,cond,n_immune,Treg_pct,Mac_pct,NK_pct,CD8_pct,M2_in_mac,CD8_exh,NK_cyt,dataset
GSM6102532,Control,442,2.262443438914027,29.638009049773757,23.076923076923077,13.122171945701359,0.9671677212701499,-0.06605429032988148,1.1258272052362184,GSE179640
GSM6102533,Control,1235,0.9716599190283401,29.392712550607285,44.77732793522267,7.044534412955465,0.780425833606523,-0.07529098534231703,0.8233252955080465,GSE179640
GSM6102534,Control,1462,1.5047879616963065,13.269493844049249,15.868673050615595,17.920656634746923,0.6548816872710727,-0.08365234682968166,1.5911498520438894,GSE179640
GSM6102537,Endometriosis,1495,1.8729096989966554,7.82608695652174,56.92307692307692,12.709030100334449,0.5041559313702532,-0.06819351579766525,1.3682014821170858,GSE179640
GSM6102540,Endometriosis,718,2.0891364902506964,45.82172701949861,11.838440111420613,11.420612813370473,0.8996582364990718,-0.04250763127529663,1.09871095664962,GSE179640
GSM6102543,Endometriosis,965,1.5544041450777202,14.507772020725387,26.632124352331605,13.678756476683937,0.8400250912628003,-0.10297884013178028,1.4636623600789611,GSE179640
GSM6102546,Endometriosis,2166,1.8928901200369344,15.512465373961218,14.265927977839334,8.448753462603879,0.6906361650538054,-0.05963741949924169,1.4355808960691514,GSE179640
GSM6102549,Endometriosis,1258,5.961844197138315,8.90302066772655,27.027027027027028,34.65818759936407,1.5025965172052385,-0.052780406508970694,1.700778581725449,GSE179640
GSM6102550,Endometriosis,1002,1.3972055888223553,16.666666666666664,7.385229540918163,40.119760479041915,1.2551719861553456,-0.04212766601315778,0.7443629625773337,GSE179640
GSM6102551,Endometriosis,320,1.5625,32.1875,12.1875,27.8125,1.594617235912281,-0.06019864149078319,0.9824277639825704,GSE179640
GSM6102552,Endometriosis,686,0.43731778425655976,9.183673469387756,50.87463556851311,19.825072886297377,1.8372594249532335,-0.04328908226820601,1.3565313203950617,GSE179640
GSM6102553,Endometriosis,813,2.5830258302583027,14.268142681426815,45.75645756457565,5.535055350553505,1.6711850990868846,-0.05084037991629704,2.0244986043327966,GSE179640
GSM6102554,Endometriosis,421,3.32541567695962,16.6270783847981,42.99287410926366,6.175771971496437,0.9973431645078319,-0.056341773098641704,1.4914834463342306,GSE179640
GSM6102555,Endometriosis,1205,4.3153526970954355,7.219917012448132,32.697095435684645,10.78838174273859,0.3706180648882498,0.005550770597143486,1.5856490406110892,GSE179640
GSM6102556,Endometriosis,2154,2.042711234911792,10.399257195914577,19.87000928505107,31.058495821727018,1.461018436940919,0.013915734341886345,1.1316647370686836,GSE179640
GSM6102560,Endometriosis,506,2.1739130434782608,14.624505928853754,31.818181818181817,22.92490118577075,0.7989284176319031,-0.07091189649950695,1.1804558681024315,GSE179640
GSM6102562,Endometriosis,1175,0.0,72.76595744680851,16.085106382978722,0.1702127659574468,1.938624448527544,,-0.5980798751309525,GSE179640
GSM6595248,Endometriosis,2303,1.0421189752496742,18.41076856274425,28.484585323491096,10.551454624402954,0.7061014433538999,-0.1146654036472574,1.6787945199739642,GSE179640
GSM6595249,Endometriosis,2063,1.0664081434803683,30.63499757634513,15.996122152205524,14.444983034415898,1.1517244692613617,-0.06334167759279048,1.5798173712448123,GSE179640
GSM6595250,Endometriosis,1654,1.5114873035066507,11.85006045949214,27.20677146311971,10.822249093107619,0.6839569382605201,-0.021563692009553655,1.9195796853549898,GSE179640
GSM6595251,Endometriosis,575,1.7391304347826086,8.347826086956523,14.782608695652174,25.565217391304344,0.8599373499955982,-0.06897185264222244,1.4801373596031122,GSE179640
GSM6595252,Endometriosis,2442,2.9074529074529076,38.615888615888615,12.48976248976249,18.345618345618345,0.678205593514196,-0.05415811983207051,1.5881568700496709,GSE179640
GSM6595253,Endometriosis,486,1.02880658436214,24.279835390946502,11.316872427983538,35.59670781893004,1.1686041989770986,-0.08959705917663953,1.3442853345375558,GSE179640
GSM6595254,Endometriosis,923,1.8418201516793065,16.468039003250272,9.209100758396534,9.967497291440953,0.8220817338430176,-0.025870463208382176,0.8302567709413898,GSE179640
GSM6595255,Endometriosis,305,0.0,26.229508196721312,17.04918032786885,3.934426229508197,0.9286580250635744,,1.531271589418034,GSE179640
GSM6595256,Endometriosis,1318,9.787556904400606,20.106221547799695,16.084977238239755,16.084977238239755,1.3425076573479848,-0.04294607988489928,1.6353420179279026,GSE179640
GSM6595257,Endometriosis,1594,12.421580928481808,25.156838143036385,21.9573400250941,15.87202007528231,1.5878339380449489,-0.03456599092779693,1.7680733070178907,GSE179640
GSM6595258,Endometriosis,970,4.948453608247423,12.989690721649486,20.0,23.711340206185564,1.2257685546399582,-0.00908270694424647,1.475940909046839,GSE179640
GSM6595259,Endometriosis,185,2.7027027027027026,11.351351351351353,35.13513513513514,11.891891891891893,1.4834674171039037,-0.03172439108266459,1.6383101984380366,GSE179640
GSM6595260,Endometriosis,306,0.9803921568627451,7.516339869281046,39.21568627450981,17.973856209150327,0.793006161166274,-0.04029022986919849,1.9119969346636816,GSE179640
GSM6595261,Endometriosis,337,3.2640949554896146,19.584569732937684,40.652818991097924,6.824925816023739,1.4687095943883515,0.06380980580489828,-0.36567602096372154,GSE179640
GSM6605431,Endometriosis,2560,2.0703125,3.8281250000000004,46.5234375,25.234374999999996,1.1948145537808232,-0.03711981557935068,1.1586375647851197,GSE214411
GSM6605432,Endometriosis,1917,4.590505998956703,11.267605633802818,54.564423578508084,14.084507042253522,1.1648495055707517,-0.009367878685300313,1.5123175595538338,GSE214411
GSM6605433,Endometriosis,3028,4.359313077939234,3.8639365918097752,46.4663143989432,20.640686922060766,0.7606092097591132,-0.05828759941602434,1.343801862840205,GSE214411
GSM6605434,Endometriosis,2568,2.4922118380062304,6.347352024922118,47.50778816199377,19.003115264797508,1.077277241233119,-0.04393984139593759,1.3619900228146646,GSE214411
GSM6605435,Endometriosis,2134,2.0618556701030926,4.264292408622305,59.8875351452671,18.04123711340206,0.8604206702571648,0.001078762456614365,0.8808875972079185,GSE214411
GSM6605436,Endometriosis,1895,1.7941952506596308,3.113456464379947,53.825857519788926,22.269129287598943,0.5771765411405241,-0.04879967081732417,1.1582455155301827,GSE214411
GSM6605437,Control,1048,0.4770992366412214,7.729007633587787,67.4618320610687,8.874045801526718,0.8786950898464816,-0.07026400525375812,1.4962281083357312,GSE214411
GSM6605438,Control,726,2.7548209366391188,8.953168044077135,33.33333333333333,36.50137741046832,1.4993071094292865,-0.07461968089923704,0.7366581284282058,GSE214411
GSM6605439,Control,4559,2.2153981136214083,10.704101776705418,32.83614827813117,32.41939021715288,1.6001852160160903,-0.01811437700021988,1.1652045843744336,GSE214411
GSM6605440,Control,1220,2.7868852459016393,14.918032786885247,26.229508196721312,35.16393442622951,1.507578751408792,-0.027334778660581465,0.9182343514577618,GSE214411
